rank,id,priority_score,volume_score,commercial_score,competition_score,ease_score,content_difficulty,volume_band,commercial_band,competition_band,quality_pass,category,question,primary_keyword,intent,slug,article_title,monetization_type,suggested_tool,reason
1,2905,109.4,100,100,30,70,32,very-high,very-high,low,true,Monitors,How do I connect a monitor to a laptop?,connect a monitor to a laptop,Informational,how-do-i-connect-a-monitor-to-a-laptop,How do I connect a monitor to a laptop?,Affiliate + AdSense,Monitor + GPU match advisor,strong demand signals; high monetization potential; rankable long-tail shape; top-tier opportunity; early-category seed
2,14,107.6,100,84,18,82,32,very-high,very-high,very-low,true,Smartphones,How do I remove an Apple ID from an iPhone?,remove an apple id from an iphone,Informational,how-do-i-remove-an-apple-id-from-an-iphone,How do I remove an Apple ID from an iPhone?,Affiliate + AdSense,Related Q&A cluster + checklist,strong demand signals; high monetization potential; rankable long-tail shape; top-tier opportunity; early-category seed
3,19,107.6,100,84,18,82,32,very-high,very-high,very-low,true,Smartphones,How do I scan a QR code with my phone?,scan a qr code with my phone,Informational,how-do-i-scan-a-qr-code-with-my-phone,How do I scan a QR code with my phone?,AdSense + affiliate,Related Q&A cluster + checklist,strong demand signals; high monetization potential; rankable long-tail shape; top-tier opportunity; early-category seed
4,10,98.4,100,90,30,70,32,very-high,very-high,low,true,Smartphones,How do I fix a phone that keeps restarting?,fix a phone that keeps restarting,Informational,how-do-i-fix-a-phone-that-keeps-restarting,How do I fix a phone that keeps restarting?,AdSense + tool upsell,Related Q&A cluster + checklist,strong demand signals; high monetization potential; rankable long-tail shape; top-tier opportunity; early-category seed
5,2640,94.1,100,86,30,70,32,very-high,very-high,low,true,Storage,How do I recover data from a failed drive?,recover data from a failed drive,Informational,how-do-i-recover-data-from-a-failed-drive,How do I recover data from a failed drive?,AdSense + affiliate,Related Q&A cluster + checklist,strong demand signals; high monetization potential; rankable long-tail shape; top-tier opportunity; early-category seed
6,2245,93.8,100,100,40,60,32,very-high,very-high,low,true,GPUs,How do I check if my GPU is bottlenecked?,check if my gpu is bottlenecked,Informational,how-do-i-check-if-my-gpu-is-bottlenecked,How do I check if my GPU is bottlenecked?,Affiliate + AdSense,GPU comparison tool,strong demand signals; high monetization potential; rankable long-tail shape; top-tier opportunity; early-category seed
7,2631,93.8,100,100,40,60,32,very-high,very-high,low,true,Storage,How do I check SSD health?,check ssd health,Informational,how-do-i-check-ssd-health,How do I check SSD health?,Affiliate + AdSense,Storage speed / upgrade picker,strong demand signals; high monetization potential; rankable long-tail shape; top-tier opportunity; early-category seed
8,2633,93.8,100,100,40,60,32,very-high,very-high,low,true,Storage,How do I clone an SSD?,clone an ssd,Informational,how-do-i-clone-an-ssd,How do I clone an SSD?,Affiliate + AdSense,Storage speed / upgrade picker,strong demand signals; high monetization potential; rankable long-tail shape; top-tier opportunity; early-category seed
9,2634,93.8,100,100,40,60,32,very-high,very-high,low,true,Storage,How do I migrate Windows to a new SSD?,migrate windows to a new ssd,Informational,how-do-i-migrate-windows-to-a-new-ssd,How do I migrate Windows to a new SSD?,Affiliate + AdSense,Storage speed / upgrade picker,strong demand signals; high monetization potential; rankable long-tail shape; top-tier opportunity; early-category seed
10,2637,93.8,100,100,40,60,32,very-high,very-high,low,true,Storage,How do I securely erase an SSD?,securely erase an ssd,Informational,how-do-i-securely-erase-an-ssd,How do I securely erase an SSD?,Affiliate + AdSense,Storage speed / upgrade picker,strong demand signals; high monetization potential; rankable long-tail shape; top-tier opportunity; early-category seed
11,2902,93.8,100,100,40,60,32,very-high,very-high,low,true,Monitors,How do I fix monitor ghosting?,fix monitor ghosting,Informational,how-do-i-fix-monitor-ghosting,How do I fix monitor ghosting?,Affiliate + AdSense,Monitor + GPU match advisor,strong demand signals; high monetization potential; rankable long-tail shape; top-tier opportunity; early-category seed
12,2904,93.8,100,100,40,60,32,very-high,very-high,low,true,Monitors,How do I calibrate a monitor?,calibrate a monitor,Informational,how-do-i-calibrate-a-monitor,How do I calibrate a monitor?,Affiliate + AdSense,Monitor + GPU match advisor,strong demand signals; high monetization potential; rankable long-tail shape; top-tier opportunity; early-category seed
13,3,91.9,100,84,30,70,32,very-high,very-high,low,true,Smartphones,How do I move contacts to a new phone?,move contacts to a new phone,Informational,how-do-i-move-contacts-to-a-new-phone,How do I move contacts to a new phone?,AdSense + affiliate,Related Q&A cluster + checklist,strong demand signals; high monetization potential; rankable long-tail shape; top-tier opportunity; early-category seed
14,4,91.9,100,84,30,70,32,very-high,very-high,low,true,Smartphones,How do I back up my Android phone?,back up my android phone,Informational,how-do-i-back-up-my-android-phone,How do I back up my Android phone?,AdSense + tool upsell,Related Q&A cluster + checklist,strong demand signals; high monetization potential; rankable long-tail shape; top-tier opportunity; early-category seed
15,6,91.9,100,84,30,70,32,very-high,very-high,low,true,Smartphones,How do I free up storage on my phone?,free up storage on my phone,Informational,how-do-i-free-up-storage-on-my-phone,How do I free up storage on my phone?,AdSense + affiliate,Storage speed / upgrade picker,strong demand signals; high monetization potential; rankable long-tail shape; top-tier opportunity; early-category seed
16,15,91.9,100,84,30,70,32,very-high,very-high,low,true,Smartphones,How do I take a screenshot on Android?,take a screenshot on android,Informational,how-do-i-take-a-screenshot-on-android,How do I take a screenshot on Android?,AdSense + tool upsell,Related Q&A cluster + checklist,strong demand signals; high monetization potential; rankable long-tail shape; top-tier opportunity; early-category seed
17,16,91.9,100,84,30,70,32,very-high,very-high,low,true,Smartphones,How do I take a screenshot on iPhone?,take a screenshot on iphone,Informational,how-do-i-take-a-screenshot-on-iphone,How do I take a screenshot on iPhone?,Affiliate + AdSense,Related Q&A cluster + checklist,strong demand signals; high monetization potential; rankable long-tail shape; top-tier opportunity; early-category seed
18,17,91.9,100,84,30,70,32,very-high,very-high,low,true,Smartphones,How do I record my screen on Android?,record my screen on android,Informational,how-do-i-record-my-screen-on-android,How do I record my screen on Android?,AdSense + tool upsell,Related Q&A cluster + checklist,strong demand signals; high monetization potential; rankable long-tail shape; top-tier opportunity; early-category seed
19,18,91.9,100,84,30,70,32,very-high,very-high,low,true,Smartphones,How do I record my screen on iPhone?,record my screen on iphone,Informational,how-do-i-record-my-screen-on-iphone,How do I record my screen on iPhone?,Affiliate + AdSense,Related Q&A cluster + checklist,strong demand signals; high monetization potential; rankable long-tail shape; top-tier opportunity; early-category seed
20,20,91.9,100,84,30,70,32,very-high,very-high,low,true,Smartphones,How do I share my phone internet connection?,share my phone internet connection,Informational,how-do-i-share-my-phone-internet-connection,How do I share my phone internet connection?,AdSense + affiliate,Related Q&A cluster + checklist,strong demand signals; high monetization potential; rankable long-tail shape; top-tier opportunity; early-category seed
21,1891,91.9,100,98,40,60,32,very-high,very-high,low,true,PC Hardware,How do I check GPU temperature?,check gpu temperature,Informational,how-do-i-check-gpu-temperature,How do I check GPU temperature?,Affiliate + AdSense,GPU comparison tool,strong demand signals; high monetization potential; rankable long-tail shape; top-tier opportunity; early-category seed
22,1893,91.9,100,98,40,60,32,very-high,very-high,low,true,PC Hardware,How do I reduce GPU temperature?,reduce gpu temperature,Informational,how-do-i-reduce-gpu-temperature,How do I reduce GPU temperature?,Affiliate + AdSense,GPU comparison tool,strong demand signals; high monetization potential; rankable long-tail shape; top-tier opportunity; early-category seed
23,4531,89.9,90,78,18,82,32,very-high,high,very-low,true,Cloud,How do I back up my computer to the cloud?,back up my computer to the cloud,Informational,how-do-i-back-up-my-computer-to-the-cloud,How do I back up my computer to the cloud?,AdSense + affiliate,Related Q&A cluster + checklist,strong demand signals; high monetization potential; rankable long-tail shape; early-category seed
24,113,87.5,100,80,30,70,32,very-high,very-high,low,true,Computers,How do I connect two monitors to a laptop?,connect two monitors to a laptop,Informational,how-do-i-connect-two-monitors-to-a-laptop,How do I connect two monitors to a laptop?,Affiliate + AdSense,Monitor + GPU match advisor,strong demand signals; high monetization potential; rankable long-tail shape; top-tier opportunity; early-category seed
25,4246,87.5,100,80,30,70,32,very-high,very-high,low,true,Security,How do I know if my password was leaked?,know if my password was leaked,Informational,how-do-i-know-if-my-password-was-leaked,How do I know if my password was leaked?,AdSense + tool upsell,Security setup checklist,strong demand signals; high monetization potential; rankable long-tail shape; top-tier opportunity; early-category seed
26,4249,87.5,100,80,30,70,32,very-high,very-high,low,true,Security,How do I remove malware from a computer?,remove malware from a computer,Informational,how-do-i-remove-malware-from-a-computer,How do I remove malware from a computer?,AdSense + affiliate,Related Q&A cluster + checklist,strong demand signals; high monetization potential; rankable long-tail shape; early-category seed
27,4251,87.5,100,80,30,70,32,very-high,very-high,low,true,Security,How do I back up files against ransomware?,back up files against ransomware,Informational,how-do-i-back-up-files-against-ransomware,How do I back up files against ransomware?,AdSense + affiliate,Related Q&A cluster + checklist,strong demand signals; high monetization potential; rankable long-tail shape; early-category seed
28,364,87.1,100,68,18,82,32,very-high,high,very-low,true,WiFi,How do I check which WiFi channel I am using?,check which wifi channel i am using,Informational,how-do-i-check-which-wifi-channel-i-am-using,How do I check which WiFi channel I am using?,AdSense + tool upsell,Wi‑Fi speed / channel helper,strong demand signals; rankable long-tail shape; top-tier opportunity; early-category seed
29,98,84.6,100,66,18,82,32,very-high,high,very-low,true,Computers,How do I check how much RAM my computer has?,check how much ram my computer has,Informational,how-do-i-check-how-much-ram-my-computer-has,How do I check how much RAM my computer has?,AdSense + affiliate,RAM needs calculator,strong demand signals; rankable long-tail shape; early-category seed
30,8422,84.5,84,92,30,70,32,very-high,very-high,low,true,EVs,How do I charge an EV at home?,charge an ev at home,Informational,how-do-i-charge-an-ev-at-home,How do I charge an EV at home?,Affiliate + AdSense,EV home charger calculator,strong demand signals; high monetization potential; rankable long-tail shape; early-category seed
31,8423,84.5,84,92,30,70,32,very-high,very-high,low,true,EVs,How do I charge an EV in the Netherlands?,charge an ev in the netherlands,Informational,how-do-i-charge-an-ev-in-the-netherlands,How do I charge an EV in the Netherlands?,Affiliate + AdSense,EV home charger calculator,strong demand signals; high monetization potential; rankable long-tail shape; early-category seed
32,8082,83.1,100,76,30,70,32,very-high,high,low,true,Smart Home,How do I connect smart devices to WiFi?,connect smart devices to wifi,Informational,how-do-i-connect-smart-devices-to-wifi,How do I connect smart devices to WiFi?,AdSense + tool upsell,Wi‑Fi speed / channel helper,strong demand signals; high monetization potential; rankable long-tail shape; early-category seed
33,3335,80.9,100,74,30,70,32,very-high,high,low,true,TV,How do I mirror an iPhone to a TV?,mirror an iphone to a tv,Informational,how-do-i-mirror-an-iphone-to-a-tv,How do I mirror an iPhone to a TV?,Affiliate + AdSense,Related Q&A cluster + checklist,strong demand signals; high monetization potential; rankable long-tail shape; early-category seed
34,3336,80.9,100,74,30,70,32,very-high,high,low,true,TV,How do I mirror Android to a TV?,mirror android to a tv,Informational,how-do-i-mirror-android-to-a-tv,How do I mirror Android to a TV?,AdSense + tool upsell,Related Q&A cluster + checklist,strong demand signals; high monetization potential; rankable long-tail shape; early-category seed
35,3331,79.3,98,74,30,70,32,very-high,high,low,true,TV,How do I connect Bluetooth headphones to a TV?,connect bluetooth headphones to a tv,Informational,how-do-i-connect-bluetooth-headphones-to-a-tv,How do I connect Bluetooth headphones to a TV?,AdSense + affiliate,Related Q&A cluster + checklist,strong demand signals; high monetization potential; rankable long-tail shape; early-category seed
36,2632,79,98,86,40,60,32,very-high,very-high,low,true,Storage,How do I check hard drive health?,check hard drive health,Informational,how-do-i-check-hard-drive-health,How do I check hard drive health?,AdSense + affiliate,Related Q&A cluster + checklist,strong demand signals; high monetization potential; rankable long-tail shape; early-category seed
37,1,78.8,100,84,40,60,32,very-high,very-high,low,true,Smartphones,How do I transfer photos from Android to iPhone?,transfer photos from android to iphone,Informational,how-do-i-transfer-photos-from-android-to-iphone,How do I transfer photos from Android to iPhone?,Affiliate + AdSense,Backup checklist wizard,strong demand signals; high monetization potential; rankable long-tail shape; early-category seed
38,2,78.8,100,84,40,60,32,very-high,very-high,low,true,Smartphones,How do I transfer WhatsApp from Android to iPhone?,transfer whatsapp from android to iphone,Informational,how-do-i-transfer-whatsapp-from-android-to-iphone,How do I transfer WhatsApp from Android to iPhone?,Affiliate + AdSense,Backup checklist wizard,strong demand signals; high monetization potential; rankable long-tail shape; early-category seed
39,5,78.8,100,84,40,60,32,very-high,very-high,low,true,Smartphones,How do I back up my iPhone?,back up my iphone,Informational,how-do-i-back-up-my-iphone,How do I back up my iPhone?,Affiliate + AdSense,Related Q&A cluster + checklist,strong demand signals; high monetization potential; rankable long-tail shape; early-category seed
40,11,78.8,100,84,40,60,32,very-high,very-high,low,true,Smartphones,How do I find my lost phone?,find my lost phone,Informational,how-do-i-find-my-lost-phone,How do I find my lost phone?,AdSense + affiliate,Related Q&A cluster + checklist,strong demand signals; high monetization potential; rankable long-tail shape; early-category seed
41,12,78.8,100,84,40,60,32,very-high,very-high,low,true,Smartphones,How do I reset my phone safely?,reset my phone safely,Informational,how-do-i-reset-my-phone-safely,How do I reset my phone safely?,AdSense + affiliate,Related Q&A cluster + checklist,strong demand signals; high monetization potential; rankable long-tail shape; early-category seed
42,13,78.8,100,84,40,60,32,very-high,very-high,low,true,Smartphones,How do I remove a Google account from Android?,remove a google account from android,Informational,how-do-i-remove-a-google-account-from-android,How do I remove a Google account from Android?,AdSense + tool upsell,Related Q&A cluster + checklist,strong demand signals; high monetization potential; rankable long-tail shape; early-category seed
43,96,78.8,100,72,30,70,32,very-high,high,low,true,Computers,How do I speed up a slow computer?,speed up a slow computer,Informational,how-do-i-speed-up-a-slow-computer,How do I speed up a slow computer?,AdSense + tool upsell,Wi‑Fi speed / channel helper,strong demand signals; high monetization potential; rankable long-tail shape; early-category seed
44,2246,78.1,100,100,50,50,32,very-high,very-high,medium,true,GPUs,How do I stress test a GPU?,stress test a gpu,Informational,how-do-i-stress-test-a-gpu,How do I stress test a GPU?,Affiliate + AdSense,GPU comparison tool,strong demand signals; high monetization potential; early-category seed
45,2250,78.1,100,100,50,50,32,very-high,very-high,medium,true,GPUs,How do I update GPU drivers?,update gpu drivers,Informational,how-do-i-update-gpu-drivers,How do I update GPU drivers?,Affiliate + AdSense,GPU comparison tool,strong demand signals; high monetization potential; early-category seed
46,4530,76.8,90,78,30,70,32,very-high,high,low,true,Cloud,How do I move files between cloud services?,move files between cloud services,Informational,how-do-i-move-files-between-cloud-services,How do I move files between cloud services?,AdSense + affiliate,Related Q&A cluster + checklist,strong demand signals; high monetization potential; rankable long-tail shape; early-category seed
47,2635,75,100,100,40,60,40,very-high,very-high,low,true,Storage,How much SSD storage do I need?,how much ssd storage do i need,Informational,how-much-ssd-storage-do-i-need,How much SSD storage do I need?,Affiliate + AdSense,Storage speed / upgrade picker,strong demand signals; high monetization potential; rankable long-tail shape; early-category seed
48,2639,75,100,100,40,60,40,very-high,very-high,low,true,Storage,What causes SSD performance to drop?,what causes ssd performance to drop,Informational,what-causes-ssd-performance-to-drop,What causes SSD performance to drop?,Affiliate + AdSense,Storage speed / upgrade picker,strong demand signals; high monetization potential; rankable long-tail shape; early-category seed
49,4237,75,100,80,40,60,32,very-high,very-high,low,true,Security,How do I recognize a phishing email?,recognize a phishing email,Informational,how-do-i-recognize-a-phishing-email,How do I recognize a phishing email?,AdSense + affiliate,Related Q&A cluster + checklist,strong demand signals; high monetization potential; rankable long-tail shape; early-category seed
50,4244,75,100,80,40,60,32,very-high,very-high,low,true,Security,How do I secure my home WiFi?,secure my home wifi,Informational,how-do-i-secure-my-home-wifi,How do I secure my home WiFi?,AdSense + tool upsell,Wi‑Fi speed / channel helper,strong demand signals; high monetization potential; rankable long-tail shape; early-category seed
51,4245,75,100,80,40,60,32,very-high,very-high,low,true,Security,How do I create a strong password?,create a strong password,Informational,how-do-i-create-a-strong-password,How do I create a strong password?,AdSense + tool upsell,Security setup checklist,strong demand signals; high monetization potential; rankable long-tail shape; early-category seed
52,4247,75,100,80,40,60,32,very-high,very-high,low,true,Security,How do I secure my Google account?,secure my google account,Informational,how-do-i-secure-my-google-account,How do I secure my Google account?,AdSense + affiliate,Related Q&A cluster + checklist,strong demand signals; high monetization potential; rankable long-tail shape; early-category seed
53,4248,75,100,80,40,60,32,very-high,very-high,low,true,Security,How do I secure my Apple account?,secure my apple account,Informational,how-do-i-secure-my-apple-account,How do I secure my Apple account?,AdSense + affiliate,Related Q&A cluster + checklist,strong demand signals; high monetization potential; rankable long-tail shape; early-category seed
54,375,74.4,100,68,30,70,32,very-high,high,low,true,WiFi,How do I set up a mesh WiFi system?,set up a mesh wifi system,Informational,how-do-i-set-up-a-mesh-wifi-system,How do I set up a mesh WiFi system?,AdSense + tool upsell,Wi‑Fi speed / channel helper,strong demand signals; rankable long-tail shape; early-category seed
55,2251,74.2,100,95,50,50,32,very-high,very-high,medium,true,GPUs,How do I clean a graphics card?,clean a graphics card,Informational,how-do-i-clean-a-graphics-card,How do I clean a graphics card?,AdSense + affiliate,GPU comparison tool,strong demand signals; high monetization potential; early-category seed
56,103,72.2,100,66,30,70,32,very-high,high,low,true,Computers,How do I uninstall apps on a Mac?,uninstall apps on a mac,Informational,how-do-i-uninstall-apps-on-a-mac,How do I uninstall apps on a Mac?,AdSense + affiliate,Related Q&A cluster + checklist,strong demand signals; rankable long-tail shape; early-category seed
57,104,72.2,100,66,30,70,32,very-high,high,low,true,Computers,How do I free up disk space on Windows?,free up disk space on windows,Informational,how-do-i-free-up-disk-space-on-windows,How do I free up disk space on Windows?,AdSense + tool upsell,Storage speed / upgrade picker,strong demand signals; rankable long-tail shape; early-category seed
58,105,72.2,100,66,30,70,32,very-high,high,low,true,Computers,How do I free up storage on a Mac?,free up storage on a mac,Informational,how-do-i-free-up-storage-on-a-mac,How do I free up storage on a Mac?,AdSense + affiliate,Storage speed / upgrade picker,strong demand signals; rankable long-tail shape; early-category seed
59,106,72.2,100,66,30,70,32,very-high,high,low,true,Computers,How do I take a screenshot on Windows?,take a screenshot on windows,Informational,how-do-i-take-a-screenshot-on-windows,How do I take a screenshot on Windows?,AdSense + tool upsell,Related Q&A cluster + checklist,strong demand signals; rankable long-tail shape; early-category seed
60,107,72.2,100,66,30,70,32,very-high,high,low,true,Computers,How do I take a screenshot on a Mac?,take a screenshot on a mac,Informational,how-do-i-take-a-screenshot-on-a-mac,How do I take a screenshot on a Mac?,AdSense + affiliate,Related Q&A cluster + checklist,strong demand signals; rankable long-tail shape; early-category seed
61,110,72.2,100,66,30,70,32,very-high,high,low,true,Computers,How do I rename multiple files at once?,rename multiple files at once,Informational,how-do-i-rename-multiple-files-at-once,How do I rename multiple files at once?,AdSense + affiliate,Related Q&A cluster + checklist,strong demand signals; rankable long-tail shape; early-category seed
62,112,72.2,100,66,30,70,32,very-high,high,low,true,Computers,How do I find large files on my computer?,find large files on my computer,Informational,how-do-i-find-large-files-on-my-computer,How do I find large files on my computer?,AdSense + affiliate,Related Q&A cluster + checklist,strong demand signals; rankable long-tail shape; early-category seed
63,114,72.2,100,66,30,70,32,very-high,high,low,true,Computers,How do I make my laptop run cooler?,make my laptop run cooler,Informational,how-do-i-make-my-laptop-run-cooler,How do I make my laptop run cooler?,AdSense + affiliate,Related Q&A cluster + checklist,strong demand signals; rankable long-tail shape; early-category seed
64,273,72.2,100,66,30,70,32,very-high,high,low,true,macOS,How do I connect two monitors to a Mac?,connect two monitors to a mac,Informational,how-do-i-connect-two-monitors-to-a-mac,How do I connect two monitors to a Mac?,Affiliate,Monitor + GPU match advisor,strong demand signals; rankable long-tail shape; early-category seed
65,8083,71.5,86,76,30,70,32,very-high,high,low,true,Smart Home,How do I reset a smart home device?,reset a smart home device,Informational,how-do-i-reset-a-smart-home-device,How do I reset a smart home device?,AdSense + affiliate,EV home charger calculator,strong demand signals; high monetization potential; rankable long-tail shape; early-category seed
66,8088,71.5,86,76,30,70,32,very-high,high,low,true,Smart Home,How do I control smart lights from my phone?,control smart lights from my phone,Informational,how-do-i-control-smart-lights-from-my-phone,How do I control smart lights from my phone?,AdSense + affiliate,Related Q&A cluster + checklist,strong demand signals; high monetization potential; rankable long-tail shape; early-category seed
67,3330,71.2,88,74,30,70,32,very-high,high,low,true,TV,How do I connect a soundbar to a TV?,connect a soundbar to a tv,Informational,how-do-i-connect-a-soundbar-to-a-tv,How do I connect a soundbar to a TV?,AdSense + affiliate,Related Q&A cluster + checklist,strong demand signals; high monetization potential; rankable long-tail shape; early-category seed
68,3334,71.2,88,74,30,70,32,very-high,high,low,true,TV,How do I cast my phone to a TV?,cast my phone to a tv,Informational,how-do-i-cast-my-phone-to-a-tv,How do I cast my phone to a TV?,AdSense + affiliate,Related Q&A cluster + checklist,strong demand signals; high monetization potential; rankable long-tail shape; early-category seed
69,3994,70.4,92,70,30,70,32,very-high,high,low,true,Printers,How do I add a printer on Mac?,add a printer on mac,Informational,how-do-i-add-a-printer-on-mac,How do I add a printer on Mac?,AdSense + affiliate,Related Q&A cluster + checklist,strong demand signals; high monetization potential; rankable long-tail shape; early-category seed
70,4009,70.4,92,70,30,70,32,very-high,high,low,true,Printers,How do I share a printer on a network?,share a printer on a network,Informational,how-do-i-share-a-printer-on-a-network,How do I share a printer on a network?,AdSense + affiliate,Related Q&A cluster + checklist,strong demand signals; high monetization potential; rankable long-tail shape; early-category seed
71,2630,69,100,92,40,60,40,very-high,very-high,low,true,Storage,Why is my hard drive slow?,my hard drive slow,Informational,why-is-my-hard-drive-slow,Why is my hard drive slow?,AdSense + tool upsell,Related Q&A cluster + checklist,strong demand signals; high monetization potential; rankable long-tail shape; early-category seed
72,1447,67.9,97,64,30,70,32,very-high,medium,low,true,USB,How do I know what my USB-C port supports?,know what my usb-c port supports,Informational,how-do-i-know-what-my-usb-c-port-supports,How do I know what my USB-C port supports?,AdSense + affiliate,USB‑C / charger compatibility checker,strong demand signals; rankable long-tail shape; early-category seed
73,1890,67.6,88,82,40,60,32,very-high,very-high,low,true,PC Hardware,How do I check CPU temperature?,check cpu temperature,Informational,how-do-i-check-cpu-temperature,How do I check CPU temperature?,AdSense + affiliate,Related Q&A cluster + checklist,strong demand signals; high monetization potential; rankable long-tail shape; early-category seed
74,1892,67.6,88,82,40,60,32,very-high,very-high,low,true,PC Hardware,How do I reduce CPU temperature?,reduce cpu temperature,Informational,how-do-i-reduce-cpu-temperature,How do I reduce CPU temperature?,AdSense + affiliate,Related Q&A cluster + checklist,strong demand signals; high monetization potential; rankable long-tail shape; early-category seed
75,7,67.5,100,90,40,60,40,very-high,very-high,low,true,Smartphones,Why is my phone battery draining so fast?,my phone battery draining so fast,Informational,why-is-my-phone-battery-draining-so-fast,Why is my phone battery draining so fast?,AdSense + affiliate,Related Q&A cluster + checklist,strong demand signals; high monetization potential; rankable long-tail shape; early-category seed
76,8,67.5,100,90,40,60,40,very-high,very-high,low,true,Smartphones,Why is my phone charging slowly?,my phone charging slowly,Informational,why-is-my-phone-charging-slowly,Why is my phone charging slowly?,AdSense + tool upsell,USB‑C / charger compatibility checker,strong demand signals; high monetization potential; rankable long-tail shape; early-category seed
77,4529,65.8,90,78,40,60,32,very-high,high,low,true,Cloud,How do I free up cloud storage?,free up cloud storage,Informational,how-do-i-free-up-cloud-storage,How do I free up cloud storage?,AdSense + affiliate,Storage speed / upgrade picker,strong demand signals; high monetization potential; rankable long-tail shape; early-category seed
78,3992,65.6,100,70,40,60,32,very-high,high,low,true,Printers,How do I connect a printer to WiFi?,connect a printer to wifi,Informational,how-do-i-connect-a-printer-to-wifi,How do I connect a printer to WiFi?,AdSense + tool upsell,Wi‑Fi speed / channel helper,strong demand signals; high monetization potential; rankable long-tail shape; early-category seed
79,3993,65.6,100,70,40,60,32,very-high,high,low,true,Printers,How do I add a printer in Windows?,add a printer in windows,Informational,how-do-i-add-a-printer-in-windows,How do I add a printer in Windows?,AdSense + tool upsell,Related Q&A cluster + checklist,strong demand signals; high monetization potential; rankable long-tail shape; early-category seed
80,3995,65.6,100,70,40,60,32,very-high,high,low,true,Printers,How do I print from an iPhone?,print from an iphone,Informational,how-do-i-print-from-an-iphone,How do I print from an iPhone?,Affiliate + AdSense,Related Q&A cluster + checklist,strong demand signals; high monetization potential; rankable long-tail shape; early-category seed
81,8426,64.7,88,98,40,60,40,very-high,very-high,low,true,EVs,Why does EV charging slow down?,ev charging slow down,Informational,why-does-ev-charging-slow-down,Why does EV charging slow down?,Affiliate + AdSense,USB‑C / charger compatibility checker,strong demand signals; high monetization potential; rankable long-tail shape; early-category seed
82,3996,64.3,98,70,40,60,32,very-high,high,low,true,Printers,How do I print from Android?,print from android,Informational,how-do-i-print-from-android,How do I print from Android?,AdSense + tool upsell,Related Q&A cluster + checklist,strong demand signals; high monetization potential; rankable long-tail shape; early-category seed
83,361,63.8,100,68,40,60,32,very-high,high,low,true,WiFi,How do I improve WiFi signal strength?,improve wifi signal strength,Informational,how-do-i-improve-wifi-signal-strength,How do I improve WiFi signal strength?,AdSense + tool upsell,Wi‑Fi speed / channel helper,strong demand signals; rankable long-tail shape; early-category seed
84,363,63.8,100,68,40,60,32,very-high,high,low,true,WiFi,How do I check WiFi speed?,check wifi speed,Informational,how-do-i-check-wifi-speed,How do I check WiFi speed?,AdSense + tool upsell,Wi‑Fi speed / channel helper,strong demand signals; rankable long-tail shape; early-category seed
85,365,63.8,100,68,40,60,32,very-high,high,low,true,WiFi,How do I change WiFi channels?,change wifi channels,Informational,how-do-i-change-wifi-channels,How do I change WiFi channels?,AdSense + tool upsell,Wi‑Fi speed / channel helper,strong demand signals; rankable long-tail shape; early-category seed
86,4007,63.4,89,76,40,60,32,very-high,high,low,true,Printers,How do I fix paper jams?,fix paper jams,Informational,how-do-i-fix-paper-jams,How do I fix paper jams?,AdSense + tool upsell,Related Q&A cluster + checklist,strong demand signals; high monetization potential; rankable long-tail shape; early-category seed
87,3674,63,80,72,30,70,32,very-high,high,low,true,Audio,How do I connect headphones to a TV?,connect headphones to a tv,Informational,how-do-i-connect-headphones-to-a-tv,How do I connect headphones to a TV?,AdSense + affiliate,Related Q&A cluster + checklist,high monetization potential; rankable long-tail shape; early-category seed
88,3675,63,80,72,30,70,32,very-high,high,low,true,Audio,How do I connect headphones to a PC?,connect headphones to a pc,Informational,how-do-i-connect-headphones-to-a-pc,How do I connect headphones to a PC?,AdSense + affiliate,Related Q&A cluster + checklist,high monetization potential; rankable long-tail shape; early-category seed
89,4001,62.8,82,70,30,70,32,very-high,high,low,true,Printers,How do I scan a document to PDF?,scan a document to pdf,Informational,how-do-i-scan-a-document-to-pdf,How do I scan a document to PDF?,AdSense + affiliate,Related Q&A cluster + checklist,strong demand signals; high monetization potential; rankable long-tail shape; early-category seed
90,358,62.5,100,80,50,50,32,very-high,very-high,medium,true,WiFi,How do I restart my WiFi router?,restart my wifi router,Informational,how-do-i-restart-my-wifi-router,How do I restart my WiFi router?,Affiliate + AdSense,Wi‑Fi speed / channel helper,strong demand signals; high monetization potential; early-category seed
91,2241,62.5,100,100,50,50,40,very-high,very-high,medium,true,GPUs,Does FSR work on Nvidia GPUs?,fsr work on nvidia gpus,Informational,does-fsr-work-on-nvidia-gpus,Does FSR work on Nvidia GPUs?,Affiliate + AdSense,GPU comparison tool,strong demand signals; high monetization potential; early-category seed
92,2247,62.5,100,100,50,50,40,very-high,very-high,medium,true,GPUs,Why does my GPU crash under load?,my gpu crash under load,Informational,why-does-my-gpu-crash-under-load,Why does my GPU crash under load?,Affiliate + AdSense,GPU comparison tool,strong demand signals; high monetization potential; early-category seed
93,2248,62.5,100,100,50,50,40,very-high,very-high,medium,true,GPUs,Why is my GPU usage low in games?,my gpu usage low in games,Informational,why-is-my-gpu-usage-low-in-games,Why is my GPU usage low in games?,Affiliate + AdSense,GPU comparison tool,strong demand signals; high monetization potential; early-category seed
94,2249,62.5,100,100,50,50,40,very-high,very-high,medium,true,GPUs,Why is my GPU usage at 100 percent?,my gpu usage at 100 percent,Informational,why-is-my-gpu-usage-at-100-percent,Why is my GPU usage at 100 percent?,Affiliate + AdSense,GPU comparison tool,strong demand signals; high monetization potential; early-category seed
95,99,61.9,100,66,40,60,32,very-high,high,low,true,Computers,How do I check my CPU model?,check my cpu model,Informational,how-do-i-check-my-cpu-model,How do I check my CPU model?,AdSense + affiliate,Related Q&A cluster + checklist,strong demand signals; rankable long-tail shape; early-category seed
96,100,61.9,100,66,40,60,32,very-high,high,low,true,Computers,How do I check my graphics card?,check my graphics card,Informational,how-do-i-check-my-graphics-card,How do I check my graphics card?,AdSense + affiliate,GPU comparison tool,strong demand signals; rankable long-tail shape; early-category seed
97,101,61.9,100,66,40,60,32,very-high,high,low,true,Computers,How do I find my Windows version?,find my windows version,Informational,how-do-i-find-my-windows-version,How do I find my Windows version?,AdSense + tool upsell,Related Q&A cluster + checklist,strong demand signals; rankable long-tail shape; early-category seed
98,102,61.9,100,66,40,60,32,very-high,high,low,true,Computers,How do I uninstall programs on Windows?,uninstall programs on windows,Informational,how-do-i-uninstall-programs-on-windows,How do I uninstall programs on Windows?,AdSense + tool upsell,RAM needs calculator,strong demand signals; rankable long-tail shape; early-category seed
99,108,61.9,100,66,40,60,32,very-high,high,low,true,Computers,How do I zip a folder?,zip a folder,Informational,how-do-i-zip-a-folder,How do I zip a folder?,AdSense + affiliate,Related Q&A cluster + checklist,strong demand signals; rankable long-tail shape; early-category seed
100,109,61.9,100,66,40,60,32,very-high,high,low,true,Computers,How do I unzip a file?,unzip a file,Informational,how-do-i-unzip-a-file,How do I unzip a file?,AdSense + affiliate,Related Q&A cluster + checklist,strong demand signals; rankable long-tail shape; early-category seed
101,111,61.9,100,66,40,60,32,very-high,high,low,true,Computers,How do I recover deleted files?,recover deleted files,Informational,how-do-i-recover-deleted-files,How do I recover deleted files?,AdSense + affiliate,Related Q&A cluster + checklist,strong demand signals; rankable long-tail shape; early-category seed
102,8089,61.3,86,76,40,60,32,very-high,high,low,true,Smart Home,How do I create smart home routines?,create smart home routines,Informational,how-do-i-create-smart-home-routines,How do I create smart home routines?,AdSense + affiliate,Related Q&A cluster + checklist,strong demand signals; high monetization potential; rankable long-tail shape; early-category seed
103,8090,61.3,86,76,40,60,32,very-high,high,low,true,Smart Home,How do I secure smart home devices?,secure smart home devices,Informational,how-do-i-secure-smart-home-devices,How do I secure smart home devices?,AdSense + affiliate,EV home charger calculator,strong demand signals; high monetization potential; rankable long-tail shape; early-category seed
104,3672,60.7,90,72,40,60,32,very-high,high,low,true,Audio,How do I reset Bluetooth earbuds?,reset bluetooth earbuds,Informational,how-do-i-reset-bluetooth-earbuds,How do I reset Bluetooth earbuds?,AdSense + affiliate,Related Q&A cluster + checklist,strong demand signals; high monetization potential; rankable long-tail shape; early-category seed
105,3999,60.4,92,70,40,60,32,very-high,high,low,true,Printers,How do I clean printer heads?,clean printer heads,Informational,how-do-i-clean-printer-heads,How do I clean printer heads?,AdSense + affiliate,Related Q&A cluster + checklist,strong demand signals; high monetization potential; rankable long-tail shape; early-category seed
106,167,60.2,100,55,30,70,32,very-high,medium,low,true,Windows,How do I enter Safe Mode in Windows?,enter safe mode in windows,Informational,how-do-i-enter-safe-mode-in-windows,How do I enter Safe Mode in Windows?,AdSense + tool upsell,Related Q&A cluster + checklist,strong demand signals; rankable long-tail shape; early-category seed
107,168,60.2,100,55,30,70,32,very-high,medium,low,true,Windows,How do I disable startup apps in Windows?,disable startup apps in windows,Informational,how-do-i-disable-startup-apps-in-windows,How do I disable startup apps in Windows?,AdSense + tool upsell,Related Q&A cluster + checklist,strong demand signals; rankable long-tail shape; early-category seed
108,169,60.2,100,55,30,70,32,very-high,medium,low,true,Windows,How do I change the default browser in Windows?,change the default browser in windows,Informational,how-do-i-change-the-default-browser-in-windows,How do I change the default browser in Windows?,AdSense + tool upsell,Related Q&A cluster + checklist,strong demand signals; rankable long-tail shape; early-category seed
109,170,60.2,100,55,30,70,32,very-high,medium,low,true,Windows,How do I show hidden files in Windows?,show hidden files in windows,Informational,how-do-i-show-hidden-files-in-windows,How do I show hidden files in Windows?,AdSense + tool upsell,Related Q&A cluster + checklist,strong demand signals; rankable long-tail shape; early-category seed
110,171,60.2,100,55,30,70,32,very-high,medium,low,true,Windows,How do I enable file extensions in Windows?,enable file extensions in windows,Informational,how-do-i-enable-file-extensions-in-windows,How do I enable file extensions in Windows?,AdSense + tool upsell,Related Q&A cluster + checklist,strong demand signals; rankable long-tail shape; early-category seed
111,172,60.2,100,55,30,70,32,very-high,medium,low,true,Windows,How do I reset Windows without losing files?,reset windows without losing files,Informational,how-do-i-reset-windows-without-losing-files,How do I reset Windows without losing files?,AdSense + tool upsell,Related Q&A cluster + checklist,strong demand signals; rankable long-tail shape; early-category seed
112,173,60.2,100,55,30,70,32,very-high,medium,low,true,Windows,How do I create a restore point in Windows?,create a restore point in windows,Informational,how-do-i-create-a-restore-point-in-windows,How do I create a restore point in Windows?,AdSense + tool upsell,Related Q&A cluster + checklist,strong demand signals; rankable long-tail shape; early-category seed
113,179,60.2,100,55,30,70,32,very-high,medium,low,true,Windows,How do I stop Windows from waking my PC?,stop windows from waking my pc,Informational,how-do-i-stop-windows-from-waking-my-pc,How do I stop Windows from waking my PC?,AdSense + tool upsell,Related Q&A cluster + checklist,strong demand signals; rankable long-tail shape; early-category seed
114,180,60.2,100,55,30,70,32,very-high,medium,low,true,Windows,How do I change the Windows lock screen?,change the windows lock screen,Informational,how-do-i-change-the-windows-lock-screen,How do I change the Windows lock screen?,AdSense + tool upsell,Related Q&A cluster + checklist,strong demand signals; rankable long-tail shape; early-category seed
115,3671,60,80,80,40,60,32,very-high,very-high,low,true,Audio,How do I clean wireless earbuds?,clean wireless earbuds,Informational,how-do-i-clean-wireless-earbuds,How do I clean wireless earbuds?,AdSense + affiliate,Related Q&A cluster + checklist,high monetization potential; rankable long-tail shape; early-category seed
116,1450,59.5,85,64,30,70,32,very-high,medium,low,true,USB,How do I safely eject a USB drive?,safely eject a usb drive,Informational,how-do-i-safely-eject-a-usb-drive,How do I safely eject a USB drive?,AdSense + affiliate,USB‑C / charger compatibility checker,strong demand signals; rankable long-tail shape; early-category seed
117,2243,57,96,95,50,50,40,very-high,very-high,medium,true,GPUs,How much VRAM do modern games need?,how much vram do modern games need,Informational,how-much-vram-do-modern-games-need,How much VRAM do modern games need?,AdSense + affiliate,RAM needs calculator,strong demand signals; high monetization potential; early-category seed
118,261,56.9,100,52,30,70,32,very-high,medium,low,true,macOS,How do I force quit an app on Mac?,force quit an app on mac,Informational,how-do-i-force-quit-an-app-on-mac,How do I force quit an app on Mac?,AdSense,Related Q&A cluster + checklist,strong demand signals; rankable long-tail shape; early-category seed
119,262,56.9,100,52,30,70,32,very-high,medium,low,true,macOS,How do I clear cache on a Mac?,clear cache on a mac,Informational,how-do-i-clear-cache-on-a-mac,How do I clear cache on a Mac?,AdSense,Related Q&A cluster + checklist,strong demand signals; rankable long-tail shape; early-category seed
120,263,56.9,100,52,30,70,32,very-high,medium,low,true,macOS,How do I uninstall an app on Mac?,uninstall an app on mac,Informational,how-do-i-uninstall-an-app-on-mac,How do I uninstall an app on Mac?,AdSense,Related Q&A cluster + checklist,strong demand signals; rankable long-tail shape; early-category seed
121,267,56.9,100,52,30,70,32,very-high,medium,low,true,macOS,How do I start a Mac in Safe Mode?,start a mac in safe mode,Informational,how-do-i-start-a-mac-in-safe-mode,How do I start a Mac in Safe Mode?,AdSense,Related Q&A cluster + checklist,strong demand signals; rankable long-tail shape; early-category seed
122,268,56.9,100,52,30,70,32,very-high,medium,low,true,macOS,How do I change default apps on Mac?,change default apps on mac,Informational,how-do-i-change-default-apps-on-mac,How do I change default apps on Mac?,AdSense,Related Q&A cluster + checklist,strong demand signals; rankable long-tail shape; early-category seed
123,269,56.9,100,52,30,70,32,very-high,medium,low,true,macOS,How do I show hidden files on Mac?,show hidden files on mac,Informational,how-do-i-show-hidden-files-on-mac,How do I show hidden files on Mac?,AdSense,Related Q&A cluster + checklist,strong demand signals; rankable long-tail shape; early-category seed
124,271,56.9,100,52,30,70,32,very-high,medium,low,true,macOS,How do I extract ZIP files on Mac?,extract zip files on mac,Informational,how-do-i-extract-zip-files-on-mac,How do I extract ZIP files on Mac?,AdSense,Related Q&A cluster + checklist,strong demand signals; rankable long-tail shape; early-category seed
125,272,56.9,100,52,30,70,32,very-high,medium,low,true,macOS,How do I connect a Mac to a TV?,connect a mac to a tv,Informational,how-do-i-connect-a-mac-to-a-tv,How do I connect a Mac to a TV?,AdSense,Related Q&A cluster + checklist,strong demand signals; rankable long-tail shape; early-category seed
126,279,56.9,100,52,30,70,32,very-high,medium,low,true,macOS,How do I free up RAM on Mac?,free up ram on mac,Informational,how-do-i-free-up-ram-on-mac,How do I free up RAM on Mac?,AdSense,RAM needs calculator,strong demand signals; rankable long-tail shape; early-category seed
127,2628,56.8,88,86,40,60,40,very-high,very-high,low,true,Storage,How long do hard drives last?,how long do hard drives last,Informational,how-long-do-hard-drives-last,How long do hard drives last?,AdSense + affiliate,Related Q&A cluster + checklist,strong demand signals; high monetization potential; rankable long-tail shape; early-category seed
128,3333,55.5,100,74,40,60,40,very-high,high,low,true,TV,Why does my TV keep disconnecting from WiFi?,my tv keep disconnecting from wifi,Informational,why-does-my-tv-keep-disconnecting-from-wifi,Why does my TV keep disconnecting from WiFi?,AdSense + tool upsell,Wi‑Fi speed / channel helper,strong demand signals; high monetization potential; rankable long-tail shape; early-category seed
129,3998,54.7,96,76,40,60,40,very-high,high,low,true,Printers,Why is my printer printing slowly?,my printer printing slowly,Informational,why-is-my-printer-printing-slowly,Why is my printer printing slowly?,AdSense + tool upsell,Related Q&A cluster + checklist,strong demand signals; high monetization potential; rankable long-tail shape; early-category seed
130,97,54,100,72,40,60,40,very-high,high,low,true,Computers,Why is my computer running slowly?,my computer running slowly,Informational,why-is-my-computer-running-slowly,Why is my computer running slowly?,AdSense + tool upsell,Related Q&A cluster + checklist,strong demand signals; high monetization potential; rankable long-tail shape; early-category seed
131,3673,54,80,72,40,60,32,very-high,high,low,true,Audio,How do I improve headphone sound quality?,improve headphone sound quality,Informational,how-do-i-improve-headphone-sound-quality,How do I improve headphone sound quality?,AdSense + affiliate,Related Q&A cluster + checklist,high monetization potential; rankable long-tail shape; early-category seed
132,4000,53.8,82,70,40,60,32,very-high,high,low,true,Printers,How do I scan a document?,scan a document,Informational,how-do-i-scan-a-document,How do I scan a document?,AdSense + affiliate,Related Q&A cluster + checklist,strong demand signals; high monetization potential; rankable long-tail shape; early-category seed
133,700,53.6,100,72,30,70,47,very-high,high,low,true,Networking,How do I find my router IP address?,find my router ip address,Informational,how-do-i-find-my-router-ip-address,How do I find my router IP address?,Affiliate + AdSense,Wi‑Fi speed / channel helper,strong demand signals; high monetization potential; rankable long-tail shape; early-category seed
134,359,53.1,100,68,50,50,32,very-high,high,medium,true,WiFi,How do I change my WiFi password?,change my wifi password,Informational,how-do-i-change-my-wifi-password,How do I change my WiFi password?,AdSense + tool upsell,Wi‑Fi speed / channel helper,strong demand signals; early-category seed
135,360,53.1,100,68,50,50,32,very-high,high,medium,true,WiFi,How do I find my WiFi password?,find my wifi password,Informational,how-do-i-find-my-wifi-password,How do I find my WiFi password?,AdSense + tool upsell,Wi‑Fi speed / channel helper,strong demand signals; early-category seed
136,7637,52.2,96,58,40,60,32,very-high,medium,low,true,Internet Services,How do I test my internet connection?,test my internet connection,Informational,how-do-i-test-my-internet-connection,How do I test my internet connection?,AdSense,Related Q&A cluster + checklist,strong demand signals; rankable long-tail shape; early-category seed
137,166,51.6,100,55,40,60,32,very-high,medium,low,true,Windows,How do I open Task Manager?,open task manager,Informational,how-do-i-open-task-manager,How do I open Task Manager?,AdSense,Related Q&A cluster + checklist,strong demand signals; rankable long-tail shape; early-category seed
138,174,51.6,100,55,40,60,32,very-high,medium,low,true,Windows,How do I check Windows system files?,check windows system files,Informational,how-do-i-check-windows-system-files,How do I check Windows system files?,AdSense + tool upsell,Related Q&A cluster + checklist,strong demand signals; rankable long-tail shape; early-category seed
139,175,51.6,100,55,40,60,32,very-high,medium,low,true,Windows,How do I repair Windows Update?,repair windows update,Informational,how-do-i-repair-windows-update,How do I repair Windows Update?,AdSense + tool upsell,Related Q&A cluster + checklist,strong demand signals; rankable long-tail shape; early-category seed
140,181,51.6,100,55,40,60,32,very-high,medium,low,true,Windows,How do I change Windows power settings?,change windows power settings,Informational,how-do-i-change-windows-power-settings,How do I change Windows power settings?,AdSense + tool upsell,Related Q&A cluster + checklist,strong demand signals; rankable long-tail shape; early-category seed
141,182,51.6,100,55,40,60,32,very-high,medium,low,true,Windows,How do I connect Bluetooth headphones to Windows?,connect bluetooth headphones to windows,Informational,how-do-i-connect-bluetooth-headphones-to-windows,How do I connect Bluetooth headphones to Windows?,AdSense + tool upsell,Related Q&A cluster + checklist,strong demand signals; rankable long-tail shape; early-category seed
142,184,51.6,100,55,40,60,32,very-high,medium,low,true,Windows,How do I enable virtualization in Windows?,enable virtualization in windows,Informational,how-do-i-enable-virtualization-in-windows,How do I enable virtualization in Windows?,AdSense + tool upsell,Related Q&A cluster + checklist,strong demand signals; rankable long-tail shape; early-category seed
143,185,51.6,100,55,40,60,32,very-high,medium,low,true,Windows,How do I check Windows activation status?,check windows activation status,Informational,how-do-i-check-windows-activation-status,How do I check Windows activation status?,AdSense + tool upsell,Related Q&A cluster + checklist,strong demand signals; rankable long-tail shape; early-category seed
144,1070,51.4,94,50,30,70,32,very-high,medium,low,true,Bluetooth,How do I remove an old Bluetooth pairing?,remove an old bluetooth pairing,Informational,how-do-i-remove-an-old-bluetooth-pairing,How do I remove an old Bluetooth pairing?,AdSense,Related Q&A cluster + checklist,strong demand signals; rankable long-tail shape; early-category seed
145,8418,51.1,74,92,40,60,40,high,very-high,low,true,EVs,How far can an electric car travel?,how far can an electric car travel,Informational,how-far-can-an-electric-car-travel,How far can an electric car travel?,AdSense + affiliate,Related Q&A cluster + checklist,high monetization potential; rankable long-tail shape; early-category seed
146,8419,51.1,74,92,40,60,40,high,very-high,low,true,EVs,How long does an EV battery last?,how long does an ev battery last,Informational,how-long-does-an-ev-battery-last,How long does an EV battery last?,Affiliate + AdSense,EV home charger calculator,high monetization potential; rankable long-tail shape; early-category seed
147,8421,51.1,74,92,40,60,40,high,very-high,low,true,EVs,How much electricity does an EV use?,how much electricity does an ev use,Informational,how-much-electricity-does-an-ev-use,How much electricity does an EV use?,Affiliate + AdSense,EV home charger calculator,high monetization potential; rankable long-tail shape; early-category seed
148,8424,51.1,74,92,40,60,40,high,very-high,low,true,EVs,Can I charge an EV from a normal socket?,charge an ev from a normal socket,Informational,can-i-charge-an-ev-from-a-normal-socket,Can I charge an EV from a normal socket?,Affiliate + AdSense,EV home charger calculator,high monetization potential; rankable long-tail shape; early-category seed
149,8427,51.1,74,92,40,60,40,high,very-high,low,true,EVs,What happens to an EV battery in winter?,what happens to an ev battery in winter,Informational,what-happens-to-an-ev-battery-in-winter,What happens to an EV battery in winter?,Affiliate + AdSense,EV home charger calculator,high monetization potential; rankable long-tail shape; early-category seed
150,8428,51.1,74,92,40,60,40,high,very-high,low,true,EVs,Is an EV cheaper than a petrol car?,an ev cheaper than a petrol car,Informational,is-an-ev-cheaper-than-a-petrol-car,Is an EV cheaper than a petrol car?,Affiliate + AdSense,EV home charger calculator,high monetization potential; rankable long-tail shape; early-category seed
151,357,51,100,68,40,60,40,very-high,high,low,true,WiFi,Why does my WiFi keep disconnecting?,my wifi keep disconnecting,Informational,why-does-my-wifi-keep-disconnecting,Why does my WiFi keep disconnecting?,AdSense + tool upsell,Wi‑Fi speed / channel helper,strong demand signals; rankable long-tail shape; early-category seed
152,369,51,100,68,40,60,40,very-high,high,low,true,WiFi,Is WiFi 7 worth upgrading to?,wifi 7 worth upgrading to,Informational,is-wifi-7-worth-upgrading-to,Is WiFi 7 worth upgrading to?,AdSense + tool upsell,Wi‑Fi speed / channel helper,strong demand signals; rankable long-tail shape; early-category seed
153,371,51,100,68,40,60,40,very-high,high,low,true,WiFi,Why is 5 GHz WiFi faster?,5 ghz wifi faster,Informational,why-is-5-ghz-wifi-faster,Why is 5 GHz WiFi faster?,AdSense + tool upsell,Wi‑Fi speed / channel helper,strong demand signals; rankable long-tail shape; early-category seed
154,372,51,100,68,40,60,40,very-high,high,low,true,WiFi,Why does 2.4 GHz WiFi have better range?,24 ghz wifi have better range,Informational,why-does-2-4-ghz-wifi-have-better-range,Why does 2.4 GHz WiFi have better range?,AdSense + tool upsell,Wi‑Fi speed / channel helper,strong demand signals; rankable long-tail shape; early-category seed
155,373,51,100,68,40,60,40,very-high,high,low,true,WiFi,How many devices can connect to WiFi?,how many devices can connect to wifi,Informational,how-many-devices-can-connect-to-wifi,How many devices can connect to WiFi?,AdSense + tool upsell,Wi‑Fi speed / channel helper,strong demand signals; rankable long-tail shape; early-category seed
156,5348,50.4,96,48,30,70,32,very-high,medium,low,true,Software,How do I run an old program on Windows?,run an old program on windows,Informational,how-do-i-run-an-old-program-on-windows,How do I run an old program on Windows?,AdSense + tool upsell,RAM needs calculator,strong demand signals; rankable long-tail shape; early-category seed
157,362,50,100,80,50,50,40,very-high,very-high,medium,true,WiFi,How far does a WiFi router reach?,how far does a wifi router reach,Informational,how-far-does-a-wifi-router-reach,How far does a WiFi router reach?,Affiliate + AdSense,Wi‑Fi speed / channel helper,strong demand signals; high monetization potential; early-category seed
158,115,49.5,100,66,40,60,40,very-high,high,low,true,Computers,Why does my computer freeze randomly?,my computer freeze randomly,Informational,why-does-my-computer-freeze-randomly,Why does my computer freeze randomly?,AdSense + affiliate,Related Q&A cluster + checklist,strong demand signals; rankable long-tail shape; early-category seed
159,5347,49.2,80,48,18,82,32,very-high,medium,very-low,true,Software,How do I change the default app for a file type?,change the default app for a file type,Informational,how-do-i-change-the-default-app-for-a-file-type,How do I change the default app for a file type?,AdSense,Related Q&A cluster + checklist,rankable long-tail shape; early-category seed
160,264,48.8,100,52,40,60,32,very-high,medium,low,true,macOS,How do I check Mac storage?,check mac storage,Informational,how-do-i-check-mac-storage,How do I check Mac storage?,AdSense,Storage speed / upgrade picker,strong demand signals; rankable long-tail shape; early-category seed
161,265,48.8,100,52,40,60,32,very-high,medium,low,true,macOS,How do I check Mac battery health?,check mac battery health,Informational,how-do-i-check-mac-battery-health,How do I check Mac battery health?,AdSense,Related Q&A cluster + checklist,strong demand signals; rankable long-tail shape; early-category seed
162,266,48.8,100,52,40,60,32,very-high,medium,low,true,macOS,How do I reset a Mac?,reset a mac,Informational,how-do-i-reset-a-mac,How do I reset a Mac?,AdSense,Related Q&A cluster + checklist,strong demand signals; rankable long-tail shape; early-category seed
163,270,48.8,100,52,40,60,32,very-high,medium,low,true,macOS,How do I compress files on Mac?,compress files on mac,Informational,how-do-i-compress-files-on-mac,How do I compress files on Mac?,AdSense,Related Q&A cluster + checklist,strong demand signals; rankable long-tail shape; early-category seed
164,274,48.8,100,52,40,60,32,very-high,medium,low,true,macOS,How do I screen record on Mac?,screen record on mac,Informational,how-do-i-screen-record-on-mac,How do I screen record on Mac?,AdSense,Related Q&A cluster + checklist,strong demand signals; rankable long-tail shape; early-category seed
165,275,48.8,100,52,40,60,32,very-high,medium,low,true,macOS,How do I mirror a Mac screen?,mirror a mac screen,Informational,how-do-i-mirror-a-mac-screen,How do I mirror a Mac screen?,AdSense,Related Q&A cluster + checklist,strong demand signals; rankable long-tail shape; early-category seed
166,280,48.8,100,52,40,60,32,very-high,medium,low,true,macOS,How do I update macOS safely?,update macos safely,Informational,how-do-i-update-macos-safely,How do I update macOS safely?,AdSense,Related Q&A cluster + checklist,strong demand signals; rankable long-tail shape; early-category seed
167,3338,48.8,88,74,40,60,40,very-high,high,low,true,TV,How far should I sit from a 4K TV?,how far should i sit from a 4k tv,Informational,how-far-should-i-sit-from-a-4k-tv,How far should I sit from a 4K TV?,AdSense + affiliate,Monitor + GPU match advisor,strong demand signals; high monetization potential; rankable long-tail shape; early-category seed
168,1454,48.3,87,74,40,60,40,very-high,high,low,true,USB,How long can a USB-C cable be?,how long can a usb-c cable be,Informational,how-long-can-a-usb-c-cable-be,How long can a USB-C cable be?,AdSense + affiliate,USB‑C / charger compatibility checker,strong demand signals; high monetization potential; rankable long-tail shape; early-category seed
169,8414,48.2,86,84,40,60,45,very-high,very-high,low,true,EVs,What is a Type 2 charging connector?,a type 2 charging connector,Informational,what-is-a-type-2-charging-connector,What is a Type 2 charging connector?,AdSense + affiliate,USB‑C / charger compatibility checker,strong demand signals; high monetization potential; rankable long-tail shape; early-category seed
170,370,48,100,60,28,72,45,very-high,medium,low,true,WiFi,What is the difference between 2.4 GHz and 5 GHz WiFi?,the difference between 24 ghz and 5 ghz wifi,Informational,what-is-the-difference-between-2-4-ghz-and-5-ghz-wifi,What is the difference between 2.4 GHz and 5 GHz WiFi?,AdSense + tool upsell,Wi‑Fi speed / channel helper,strong demand signals; rankable long-tail shape; early-category seed
171,1885,48,78,82,40,60,40,high,very-high,low,true,PC Hardware,How much RAM does a laptop need?,how much ram does a laptop need,Informational,how-much-ram-does-a-laptop-need,How much RAM does a laptop need?,AdSense + affiliate,RAM needs calculator,high monetization potential; rankable long-tail shape; early-category seed
172,1886,48,78,82,40,60,40,high,very-high,low,true,PC Hardware,How much VRAM do I need?,how much vram do i need,Informational,how-much-vram-do-i-need,How much VRAM do I need?,AdSense + affiliate,RAM needs calculator,high monetization potential; rankable long-tail shape; early-category seed
173,1887,48,78,82,40,60,40,high,very-high,low,true,PC Hardware,How many CPU cores do I need?,how many cpu cores do i need,Informational,how-many-cpu-cores-do-i-need,How many CPU cores do I need?,AdSense + affiliate,Related Q&A cluster + checklist,high monetization potential; rankable long-tail shape; early-category seed
174,4535,47.9,90,78,40,60,44,very-high,high,low,true,Cloud,How do I encrypt cloud files?,encrypt cloud files,Informational,how-do-i-encrypt-cloud-files,How do I encrypt cloud files?,AdSense + affiliate,Related Q&A cluster + checklist,strong demand signals; high monetization potential; rankable long-tail shape; early-category seed
175,8084,47.9,84,76,40,60,40,very-high,high,low,true,Smart Home,Why is my smart device offline?,my smart device offline,Informational,why-is-my-smart-device-offline,Why is my smart device offline?,AdSense + affiliate,EV home charger calculator,strong demand signals; high monetization potential; rankable long-tail shape; early-category seed
176,183,47.7,100,61,50,50,32,very-high,medium,medium,true,Windows,How do I fix Bluetooth in Windows?,fix bluetooth in windows,Informational,how-do-i-fix-bluetooth-in-windows,How do I fix Bluetooth in Windows?,AdSense + tool upsell,Related Q&A cluster + checklist,strong demand signals; early-category seed
177,3332,47.7,86,74,40,60,40,very-high,high,low,true,TV,Why does my TV have no sound?,my tv have no sound,Informational,why-does-my-tv-have-no-sound,Why does my TV have no sound?,AdSense + affiliate,Related Q&A cluster + checklist,strong demand signals; high monetization potential; rankable long-tail shape; early-category seed
178,3990,47.3,90,70,40,60,40,very-high,high,low,true,Printers,Why is my printer not printing?,my printer not printing,Informational,why-is-my-printer-not-printing,Why is my printer not printing?,AdSense + affiliate,Related Q&A cluster + checklist,strong demand signals; high monetization potential; rankable long-tail shape; early-category seed
179,3997,47.3,90,70,40,60,40,very-high,high,low,true,Printers,Why is my printer printing blank pages?,my printer printing blank pages,Informational,why-is-my-printer-printing-blank-pages,Why is my printer printing blank pages?,AdSense + affiliate,Related Q&A cluster + checklist,strong demand signals; high monetization potential; rankable long-tail shape; early-category seed
180,4008,47.3,90,70,40,60,40,very-high,high,low,true,Printers,Why is my printer not recognizing ink?,my printer not recognizing ink,Informational,why-is-my-printer-not-recognizing-ink,Why is my printer not recognizing ink?,AdSense + affiliate,Related Q&A cluster + checklist,strong demand signals; high monetization potential; rankable long-tail shape; early-category seed
181,4534,46.8,80,78,40,60,40,very-high,high,low,true,Cloud,What happens when cloud storage expires?,what happens when cloud storage expires,Informational,what-happens-when-cloud-storage-expires,What happens when cloud storage expires?,AdSense + affiliate,Storage speed / upgrade picker,high monetization potential; rankable long-tail shape; early-category seed
182,1455,46.7,89,70,40,60,40,very-high,high,low,true,USB,Why is my USB transfer speed slow?,my usb transfer speed slow,Informational,why-is-my-usb-transfer-speed-slow,Why is my USB transfer speed slow?,AdSense + tool upsell,Wi‑Fi speed / channel helper,strong demand signals; high monetization potential; rankable long-tail shape; early-category seed
183,4536,46.7,100,70,40,60,45,very-high,high,low,true,Cloud,What is the difference between cloud backup and sync?,the difference between cloud backup and sync,Informational,what-is-the-difference-between-cloud-backup-and-sync,What is the difference between cloud backup and sync?,AdSense + tool upsell,Backup checklist wizard,strong demand signals; high monetization potential; rankable long-tail shape; early-category seed
184,1448,45.6,95,64,40,60,40,very-high,medium,low,true,USB,Why is my USB-C port not charging?,my usb-c port not charging,Informational,why-is-my-usb-c-port-not-charging,Why is my USB-C port not charging?,AdSense + affiliate,USB‑C / charger compatibility checker,strong demand signals; rankable long-tail shape; early-category seed
185,1060,44.1,94,50,40,60,32,very-high,medium,low,true,Bluetooth,How do I pair Bluetooth headphones?,pair bluetooth headphones,Informational,how-do-i-pair-bluetooth-headphones,How do I pair Bluetooth headphones?,AdSense,Related Q&A cluster + checklist,strong demand signals; rankable long-tail shape; early-category seed
186,1061,44.1,94,50,40,60,32,very-high,medium,low,true,Bluetooth,How do I connect two Bluetooth devices?,connect two bluetooth devices,Informational,how-do-i-connect-two-bluetooth-devices,How do I connect two Bluetooth devices?,AdSense,EV home charger calculator,strong demand signals; rankable long-tail shape; early-category seed
187,1067,44.1,94,50,40,60,32,very-high,medium,low,true,Bluetooth,How do I reduce Bluetooth audio latency?,reduce bluetooth audio latency,Informational,how-do-i-reduce-bluetooth-audio-latency,How do I reduce Bluetooth audio latency?,AdSense,Related Q&A cluster + checklist,strong demand signals; rankable long-tail shape; early-category seed
188,2629,43.8,100,100,65,35,40,very-high,very-high,high,true,Storage,Why is my SSD slow?,my ssd slow,Informational,why-is-my-ssd-slow,Why is my SSD slow?,Affiliate + AdSense,Storage speed / upgrade picker,strong demand signals; high monetization potential; early-category seed
189,276,43.5,100,58,40,60,40,very-high,medium,low,true,macOS,Why is my Mac running slowly?,my mac running slowly,Informational,why-is-my-mac-running-slowly,Why is my Mac running slowly?,AdSense + tool upsell,Related Q&A cluster + checklist,strong demand signals; rankable long-tail shape; early-category seed
190,278,43.5,100,58,40,60,40,very-high,medium,low,true,macOS,Why is my Mac battery draining quickly?,my mac battery draining quickly,Informational,why-is-my-mac-battery-draining-quickly,Why is my Mac battery draining quickly?,AdSense,Related Q&A cluster + checklist,strong demand signals; rankable long-tail shape; early-category seed
191,8085,43.3,76,76,40,60,40,high,high,low,true,Smart Home,Can smart home devices work without internet?,can smart home devices work without internet,Informational,can-smart-home-devices-work-without-internet,Can smart home devices work without internet?,AdSense + affiliate,EV home charger calculator,high monetization potential; rankable long-tail shape; early-category seed
192,8091,43.3,76,76,40,60,40,high,high,low,true,Smart Home,How much electricity do smart home devices use?,how much electricity do smart home devices use,Informational,how-much-electricity-do-smart-home-devices-use,How much electricity do smart home devices use?,AdSense + affiliate,EV home charger calculator,high monetization potential; rankable long-tail shape; early-category seed
193,3676,43.2,80,72,40,60,40,very-high,high,low,true,Audio,Can Bluetooth headphones work with two devices?,can bluetooth headphones work with two devices,Informational,can-bluetooth-headphones-work-with-two-devices,Can Bluetooth headphones work with two devices?,AdSense + affiliate,EV home charger calculator,high monetization potential; rankable long-tail shape; early-category seed
194,4005,43.1,82,70,40,60,40,very-high,high,low,true,Printers,Is a laser printer cheaper to run?,a laser printer cheaper to run,Informational,is-a-laser-printer-cheaper-to-run,Is a laser printer cheaper to run?,AdSense + affiliate,Related Q&A cluster + checklist,strong demand signals; high monetization potential; rankable long-tail shape; early-category seed
195,4006,43.1,82,70,40,60,40,very-high,high,low,true,Printers,How long does printer ink last?,how long does printer ink last,Informational,how-long-does-printer-ink-last,How long does printer ink last?,AdSense + affiliate,Related Q&A cluster + checklist,strong demand signals; high monetization potential; rankable long-tail shape; early-category seed
196,3669,42.1,78,72,40,60,40,high,high,low,true,Audio,Why do my headphones sound quiet?,my headphones sound quiet,Informational,why-do-my-headphones-sound-quiet,Why do my headphones sound quiet?,AdSense + affiliate,Related Q&A cluster + checklist,high monetization potential; rankable long-tail shape; early-category seed
197,3670,42.1,78,72,40,60,40,high,high,low,true,Audio,Why do my headphones keep disconnecting?,my headphones keep disconnecting,Informational,why-do-my-headphones-keep-disconnecting,Why do my headphones keep disconnecting?,AdSense + affiliate,Related Q&A cluster + checklist,high monetization potential; rankable long-tail shape; early-category seed
198,5345,42,80,48,30,70,32,very-high,medium,low,true,Software,How do I check whether software is safe?,check whether software is safe,Informational,how-do-i-check-whether-software-is-safe,How do I check whether software is safe?,AdSense,Related Q&A cluster + checklist,rankable long-tail shape; early-category seed
199,5346,42,80,48,30,70,32,very-high,medium,low,true,Software,How do I find what program opened a file?,find what program opened a file,Informational,how-do-i-find-what-program-opened-a-file,How do I find what program opened a file?,AdSense,RAM needs calculator,rankable long-tail shape; early-category seed
200,177,41.3,100,55,40,60,40,very-high,medium,low,true,Windows,Why is Windows using so much RAM?,windows using so much ram,Informational,why-is-windows-using-so-much-ram,Why is Windows using so much RAM?,AdSense + tool upsell,RAM needs calculator,strong demand signals; rankable long-tail shape; early-category seed
201,178,41.3,100,55,40,60,40,very-high,medium,low,true,Windows,Why is Windows using so much CPU?,windows using so much cpu,Informational,why-is-windows-using-so-much-cpu,Why is Windows using so much CPU?,AdSense + tool upsell,Related Q&A cluster + checklist,strong demand signals; rankable long-tail shape; early-category seed
202,2903,40.7,93,100,65,35,40,very-high,very-high,high,true,Monitors,Why is my monitor flickering?,my monitor flickering,Informational,why-is-my-monitor-flickering,Why is my monitor flickering?,Affiliate + AdSense,Monitor + GPU match advisor,strong demand signals; high monetization potential; early-category seed
203,2627,40.3,92,100,65,35,40,very-high,very-high,high,true,Storage,How long do SSDs last?,how long do ssds last,Informational,how-long-do-ssds-last,How long do SSDs last?,Affiliate + AdSense,Storage speed / upgrade picker,strong demand signals; high monetization potential; early-category seed
204,2638,40.3,92,100,65,35,40,very-high,very-high,high,true,Storage,Can an SSD fail suddenly?,can an ssd fail suddenly,Informational,can-an-ssd-fail-suddenly,Can an SSD fail suddenly?,Affiliate + AdSense,Storage speed / upgrade picker,strong demand signals; high monetization potential; early-category seed
205,1449,39.8,83,64,40,60,40,very-high,medium,low,true,USB,Why is my USB drive not recognized?,my usb drive not recognized,Informational,why-is-my-usb-drive-not-recognized,Why is my USB drive not recognized?,AdSense + affiliate,USB‑C / charger compatibility checker,strong demand signals; rankable long-tail shape; early-category seed
206,277,39,100,52,40,60,40,very-high,medium,low,true,macOS,Why is my Mac fan running constantly?,my mac fan running constantly,Informational,why-is-my-mac-fan-running-constantly,Why is my Mac fan running constantly?,AdSense,Related Q&A cluster + checklist,strong demand signals; rankable long-tail shape; early-category seed
207,1451,37,99,56,40,60,45,very-high,medium,low,true,USB,What is the difference between USB-C and Thunderbolt?,the difference between usb-c and thunderbolt,Informational,what-is-the-difference-between-usb-c-and-thunderbolt,What is the difference between USB-C and Thunderbolt?,AdSense,USB‑C / charger compatibility checker,strong demand signals; rankable long-tail shape; early-category seed
208,699,36,94,60,40,60,47,very-high,medium,low,true,Networking,How do I find my IP address?,find my ip address,Informational,how-do-i-find-my-ip-address,How do I find my IP address?,AdSense + affiliate,Related Q&A cluster + checklist,strong demand signals; rankable long-tail shape; early-category seed
209,703,36,94,60,40,60,47,very-high,medium,low,true,Networking,How do I change DNS servers?,change dns servers,Informational,how-do-i-change-dns-servers,How do I change DNS servers?,AdSense + affiliate,Related Q&A cluster + checklist,strong demand signals; rankable long-tail shape; early-category seed
210,707,36,94,60,40,60,47,very-high,medium,low,true,Networking,How do I find my subnet mask?,find my subnet mask,Informational,how-do-i-find-my-subnet-mask,How do I find my subnet mask?,AdSense + affiliate,Related Q&A cluster + checklist,strong demand signals; rankable long-tail shape; early-category seed
211,709,36,94,60,40,60,47,very-high,medium,low,true,Networking,How do I find my MAC address?,find my mac address,Informational,how-do-i-find-my-mac-address,How do I find my MAC address?,AdSense + affiliate,Related Q&A cluster + checklist,strong demand signals; rankable long-tail shape; early-category seed
212,5344,36,80,48,40,60,32,very-high,medium,low,true,Software,How do I uninstall software completely?,uninstall software completely,Informational,how-do-i-uninstall-software-completely,How do I uninstall software completely?,AdSense,Related Q&A cluster + checklist,rankable long-tail shape; early-category seed
213,5728,35.8,78,42,30,70,32,high,low,low,true,Web,How do I check if a website is down?,check if a website is down,Informational,how-do-i-check-if-a-website-is-down,How do I check if a website is down?,AdSense,Related Q&A cluster + checklist,rankable long-tail shape; early-category seed
214,1068,34.5,92,50,40,60,40,very-high,medium,low,true,Bluetooth,Why is Bluetooth audio quality poor?,bluetooth audio quality poor,Informational,why-is-bluetooth-audio-quality-poor,Why is Bluetooth audio quality poor?,AdSense,Related Q&A cluster + checklist,strong demand signals; rankable long-tail shape; early-category seed
215,2626,34.2,91,86,65,35,40,very-high,very-high,high,true,Storage,Is NVMe faster than SATA?,nvme faster than sata,Informational,is-nvme-faster-than-sata,Is NVMe faster than SATA?,Affiliate + AdSense,Storage speed / upgrade picker,strong demand signals; high monetization potential; early-category seed
216,8086,32,83,88,65,35,40,very-high,very-high,high,true,Smart Home,Is Matter compatible with WiFi?,matter compatible with wifi,Informational,is-matter-compatible-with-wifi,Is Matter compatible with WiFi?,AdSense + tool upsell,Wi‑Fi speed / channel helper,strong demand signals; high monetization potential; early-category seed
217,1065,31.5,84,50,40,60,40,very-high,medium,low,true,Bluetooth,How many Bluetooth devices can connect at once?,how many bluetooth devices can connect at once,Informational,how-many-bluetooth-devices-can-connect-at-once,How many Bluetooth devices can connect at once?,AdSense,EV home charger calculator,strong demand signals; rankable long-tail shape; early-category seed
218,5724,30.7,78,42,40,60,32,high,low,low,true,Web,How do I clear browser cache?,clear browser cache,Informational,how-do-i-clear-browser-cache,How do I clear browser cache?,AdSense,Related Q&A cluster + checklist,rankable long-tail shape; early-category seed
219,374,29.8,100,68,65,35,40,very-high,high,high,true,WiFi,Can WiFi work without internet?,can wifi work without internet,Informational,can-wifi-work-without-internet,Can WiFi work without internet?,AdSense + tool upsell,Wi‑Fi speed / channel helper,strong demand signals; early-category seed
220,8429,28.9,66,100,65,35,40,high,very-high,high,true,EVs,Is an EV worth buying?,an ev worth buying,Informational,is-an-ev-worth-buying,Is an EV worth buying?,Affiliate + AdSense,EV home charger calculator,high monetization potential; early-category seed
221,2896,28.5,74,88,65,35,40,high,very-high,high,true,Monitors,Is 144Hz better than 60Hz?,144hz better than 60hz,Informational,is-144hz-better-than-60hz,Is 144Hz better than 60Hz?,AdSense + affiliate,Related Q&A cluster + checklist,high monetization potential; early-category seed
222,2899,28.5,74,88,65,35,40,high,very-high,high,true,Monitors,Is 1440p better than 1080p?,1440p better than 1080p,Informational,is-1440p-better-than-1080p,Is 1440p better than 1080p?,AdSense + affiliate,Monitor + GPU match advisor,high monetization potential; early-category seed
223,4002,28.3,74,70,65,35,32,high,high,high,true,Printers,How do I print double-sided?,print double-sided,Informational,how-do-i-print-double-sided,How do I print double-sided?,AdSense + affiliate,Related Q&A cluster + checklist,high monetization potential; early-category seed
224,2240,28.2,95,95,75,25,40,very-high,very-high,high,true,GPUs,Does DLSS improve image quality?,dlss improve image quality,Informational,does-dlss-improve-image-quality,Does DLSS improve image quality?,AdSense + affiliate,Related Q&A cluster + checklist,strong demand signals; high monetization potential; early-category seed
225,2242,28.2,95,95,75,25,40,very-high,very-high,high,true,GPUs,Does ray tracing reduce FPS?,ray tracing reduce fps,Informational,does-ray-tracing-reduce-fps,Does ray tracing reduce FPS?,AdSense + affiliate,Related Q&A cluster + checklist,strong demand signals; high monetization potential; early-category seed
226,1452,26.3,79,76,65,35,40,high,high,high,true,USB,Is Thunderbolt compatible with USB-C?,thunderbolt compatible with usb-c,Informational,is-thunderbolt-compatible-with-usb-c,Is Thunderbolt compatible with USB-C?,AdSense + affiliate,USB‑C / charger compatibility checker,high monetization potential; early-category seed
227,4533,25.9,76,78,65,35,40,high,high,high,true,Cloud,Is cloud storage private?,cloud storage private,Informational,is-cloud-storage-private,Is cloud storage private?,AdSense + affiliate,Storage speed / upgrade picker,high monetization potential; early-category seed
228,2897,25.4,58,100,65,35,40,medium,very-high,high,true,Monitors,Is 240Hz worth it?,240hz worth it,Informational,is-240hz-worth-it,Is 240Hz worth it?,AdSense + affiliate,Related Q&A cluster + checklist,high monetization potential; early-category seed
229,3991,25.1,82,70,65,35,40,very-high,high,high,true,Printers,Why is my printer offline?,my printer offline,Informational,why-is-my-printer-offline,Why is my printer offline?,AdSense + affiliate,Related Q&A cluster + checklist,strong demand signals; high monetization potential; early-category seed
230,176,24.1,100,55,65,35,40,very-high,medium,high,true,Windows,Why is Windows Update stuck?,windows update stuck,Informational,why-is-windows-update-stuck,Why is Windows Update stuck?,AdSense + tool upsell,Related Q&A cluster + checklist,strong demand signals; early-category seed
231,5726,23.9,76,42,40,60,40,high,low,low,true,Web,Why is a website not loading?,a website not loading,Informational,why-is-a-website-not-loading,Why is a website not loading?,AdSense,Related Q&A cluster + checklist,rankable long-tail shape; early-category seed
232,1445,23.2,83,64,65,35,40,very-high,medium,high,true,USB,Can USB-C carry video?,can usb-c carry video,Informational,can-usb-c-carry-video,Can USB-C carry video?,AdSense + affiliate,USB‑C / charger compatibility checker,strong demand signals; early-category seed
233,1446,23.2,83,64,65,35,40,very-high,medium,high,true,USB,Can USB-C carry audio?,can usb-c carry audio,Informational,can-usb-c-carry-audio,Can USB-C carry audio?,AdSense + affiliate,USB‑C / charger compatibility checker,strong demand signals; early-category seed
234,3339,22.7,70,74,65,35,40,high,high,high,true,TV,Is OLED better than QLED?,oled better than qled,Informational,is-oled-better-than-qled,Is OLED better than QLED?,AdSense + affiliate,Related Q&A cluster + checklist,high monetization potential; early-category seed
235,8087,22.6,68,76,65,35,40,high,high,high,true,Smart Home,Is Matter better than Zigbee?,matter better than zigbee,Informational,is-matter-better-than-zigbee,Is Matter better than Zigbee?,AdSense + affiliate,Related Q&A cluster + checklist,high monetization potential; early-category seed
236,1453,22.1,79,64,65,35,40,high,medium,high,true,USB,Can USB-C charge a laptop?,can usb-c charge a laptop,Informational,can-usb-c-charge-a-laptop,Can USB-C charge a laptop?,AdSense + affiliate,USB‑C / charger compatibility checker,balanced mid-tier topic; early-category seed
237,6686,22.1,78,38,30,70,47,high,low,low,true,Databases,How do I optimize a slow SQL query?,optimize a slow sql query,Informational,how-do-i-optimize-a-slow-sql-query,How do I optimize a slow SQL query?,AdSense + tool upsell,Related Q&A cluster + checklist,rankable long-tail shape; early-category seed
238,7629,20.7,98,50,62,38,45,very-high,medium,medium,true,Internet Services,What is a content delivery network?,a content delivery network,Informational,what-is-a-content-delivery-network,What is a content delivery network?,AdSense,Related Q&A cluster + checklist,strong demand signals; early-category seed
239,3340,19.3,50,88,65,35,40,medium,very-high,high,true,TV,Is 120Hz TV worth it?,120hz tv worth it,Informational,is-120hz-tv-worth-it,Is 120Hz TV worth it?,AdSense + affiliate,Related Q&A cluster + checklist,high monetization potential; early-category seed
240,1064,19,87,50,65,35,40,very-high,medium,high,true,Bluetooth,Does Bluetooth drain battery?,bluetooth drain battery,Informational,does-bluetooth-drain-battery,Does Bluetooth drain battery?,AdSense,Related Q&A cluster + checklist,strong demand signals; early-category seed
241,1058,18.4,84,50,65,35,40,very-high,medium,high,true,Bluetooth,Why does Bluetooth keep disconnecting?,bluetooth keep disconnecting,Informational,why-does-bluetooth-keep-disconnecting,Why does Bluetooth keep disconnecting?,AdSense,Related Q&A cluster + checklist,strong demand signals; early-category seed
242,1066,18.4,84,50,65,35,40,very-high,medium,high,true,Bluetooth,Why is Bluetooth audio delayed?,bluetooth audio delayed,Informational,why-is-bluetooth-audio-delayed,Why is Bluetooth audio delayed?,AdSense,Related Q&A cluster + checklist,strong demand signals; early-category seed
243,1057,16.6,76,50,65,35,40,high,medium,high,true,Bluetooth,How far can Bluetooth reach?,how far can bluetooth reach,Informational,how-far-can-bluetooth-reach,How far can Bluetooth reach?,AdSense,Related Q&A cluster + checklist,balanced mid-tier topic; early-category seed
244,1063,16.6,76,50,65,35,40,high,medium,high,true,Bluetooth,Can Bluetooth work without internet?,can bluetooth work without internet,Informational,can-bluetooth-work-without-internet,Can Bluetooth work without internet?,AdSense,Related Q&A cluster + checklist,balanced mid-tier topic; early-category seed
245,1069,16.6,76,50,65,35,40,high,medium,high,true,Bluetooth,Can Bluetooth transmit lossless audio?,can bluetooth transmit lossless audio,Informational,can-bluetooth-transmit-lossless-audio,Can Bluetooth transmit lossless audio?,AdSense,Related Q&A cluster + checklist,balanced mid-tier topic; early-category seed
246,5725,16.1,70,42,65,35,32,high,low,high,true,Web,How do I clear cookies?,clear cookies,Informational,how-do-i-clear-cookies,How do I clear cookies?,AdSense,Related Q&A cluster + checklist,balanced mid-tier topic; early-category seed
247,710,15.8,96,52,62,38,60,very-high,medium,medium,true,Networking,What is a gateway in networking?,a gateway in networking,Informational,what-is-a-gateway-in-networking,What is a gateway in networking?,AdSense,Related Q&A cluster + checklist,strong demand signals; early-category seed
248,4917,15.6,98,70,75,25,55,very-high,high,high,true,AI,Why do AI models hallucinate?,ai models hallucinate,Informational,why-do-ai-models-hallucinate,Why do AI models hallucinate?,AdSense + affiliate,Model / use-case picker,strong demand signals; high monetization potential; early-category seed
249,5727,15.5,74,48,65,35,40,high,medium,high,true,Web,Why is a website slow?,a website slow,Informational,why-is-a-website-slow,Why is a website slow?,AdSense + tool upsell,Related Q&A cluster + checklist,balanced mid-tier topic; early-category seed
250,6685,14.7,72,32,40,60,47,high,low,low,true,Databases,How do I back up a database?,back up a database,Informational,how-do-i-back-up-a-database,How do I back up a database?,AdSense,Related Q&A cluster + checklist,rankable long-tail shape; early-category seed
251,4905,14.5,100,62,72,28,60,very-high,medium,high,true,AI,What is a large language model?,a large language model,Informational,what-is-a-large-language-model,What is a large language model?,AdSense + affiliate,Model / use-case picker,strong demand signals; early-category seed
252,1062,14.2,91,50,75,25,40,very-high,medium,high,true,Bluetooth,Can Bluetooth work without WiFi?,can bluetooth work without wifi,Informational,can-bluetooth-work-without-wifi,Can Bluetooth work without WiFi?,AdSense + tool upsell,Wi‑Fi speed / channel helper,strong demand signals; early-category seed
253,4233,10.2,98,72,87,13,45,very-high,high,very-high,true,Security,What is two-factor authentication?,two-factor authentication,Informational,what-is-two-factor-authentication,What is two-factor authentication?,AdSense + affiliate,Related Q&A cluster + checklist,strong demand signals; high monetization potential; early-category seed
254,4234,10.2,98,72,87,13,45,very-high,high,very-high,true,Security,What is multi-factor authentication?,multi-factor authentication,Informational,what-is-multi-factor-authentication,What is multi-factor authentication?,AdSense + affiliate,Related Q&A cluster + checklist,strong demand signals; high monetization potential; early-category seed
255,4525,8.9,88,70,87,13,45,very-high,high,very-high,true,Cloud,What is cloud synchronization?,cloud synchronization,Informational,what-is-cloud-synchronization,What is cloud synchronization?,AdSense + affiliate,Related Q&A cluster + checklist,strong demand signals; high monetization potential; early-category seed
256,4252,8,98,72,87,13,57,very-high,high,very-high,true,Security,What is end-to-end encryption?,end-to-end encryption,Informational,what-is-end-to-end-encryption,What is end-to-end encryption?,AdSense + affiliate,Related Q&A cluster + checklist,strong demand signals; high monetization potential; early-category seed
257,3664,7.8,84,64,87,13,45,very-high,medium,very-high,true,Audio,What is Bluetooth audio latency?,bluetooth audio latency,Informational,what-is-bluetooth-audio-latency,What is Bluetooth audio latency?,AdSense + affiliate,Related Q&A cluster + checklist,strong demand signals; early-category seed
258,3658,6.8,74,64,87,13,45,high,medium,very-high,true,Audio,What is active noise cancellation?,active noise cancellation,Informational,what-is-active-noise-cancellation,What is active noise cancellation?,AdSense + affiliate,Related Q&A cluster + checklist,balanced mid-tier topic; early-category seed
259,1440,6.7,83,56,87,13,45,very-high,medium,very-high,true,USB,What is USB 3.2?,usb 32,Informational,what-is-usb-3-2,What is USB 3.2?,AdSense,USB‑C / charger compatibility checker,strong demand signals; early-category seed
260,1055,6.6,92,50,87,13,45,very-high,medium,very-high,true,Bluetooth,What is Bluetooth 5.3?,bluetooth 53,Informational,what-is-bluetooth-5-3,What is Bluetooth 5.3?,AdSense,Related Q&A cluster + checklist,strong demand signals; early-category seed
261,1056,6.6,92,50,87,13,45,very-high,medium,very-high,true,Bluetooth,What is Bluetooth 5.4?,bluetooth 54,Informational,what-is-bluetooth-5-4,What is Bluetooth 5.4?,AdSense,Related Q&A cluster + checklist,strong demand signals; early-category seed
262,7633,6.5,90,50,87,13,45,very-high,medium,very-high,true,Internet Services,What is a browser fingerprint?,a browser fingerprint,Informational,what-is-a-browser-fingerprint,What is a browser fingerprint?,AdSense,Related Q&A cluster + checklist,strong demand signals; early-category seed
263,5349,5.4,78,48,87,13,45,high,medium,very-high,true,Software,What is software compatibility?,software compatibility,Informational,what-is-software-compatibility,What is software compatibility?,AdSense,Related Q&A cluster + checklist,balanced mid-tier topic; early-category seed
264,5350,5.4,78,48,87,13,45,high,medium,very-high,true,Software,What is backward compatibility?,backward compatibility,Informational,what-is-backward-compatibility,What is backward compatibility?,AdSense,Related Q&A cluster + checklist,balanced mid-tier topic; early-category seed
265,6674,2.4,70,32,87,13,60,high,low,very-high,true,Databases,What is database normalization?,database normalization,Informational,what-is-database-normalization,What is database normalization?,AdSense,Related Q&A cluster + checklist,balanced mid-tier topic; early-category seed
266,6670,2.3,66,32,87,13,60,high,low,very-high,true,Databases,What is a relational database?,a relational database,Informational,what-is-a-relational-database,What is a relational database?,AdSense,Related Q&A cluster + checklist,balanced mid-tier topic; early-category seed
267,6675,2.3,66,32,87,13,60,high,low,very-high,true,Databases,What is a database transaction?,a database transaction,Informational,what-is-a-database-transaction,What is a database transaction?,AdSense,Related Q&A cluster + checklist,balanced mid-tier topic; early-category seed
268,4901,1.6,100,62,97,3,60,very-high,medium,very-high,true,AI,What is artificial intelligence?,artificial intelligence,Informational,what-is-artificial-intelligence,What is artificial intelligence?,AdSense + affiliate,Model / use-case picker,strong demand signals; early-category seed
269,4908,1.6,100,62,97,3,60,very-high,medium,very-high,true,AI,What is retrieval augmented generation?,retrieval augmented generation,Informational,what-is-retrieval-augmented-generation,What is retrieval augmented generation?,AdSense + affiliate,EV home charger calculator,strong demand signals; early-category seed
270,6174,1.4,74,35,95,5,45,high,low,very-high,true,Programming,What is object-oriented programming?,object-oriented programming,Informational,what-is-object-oriented-programming,What is object-oriented programming?,AdSense (low) / newsletter,RAM needs calculator,balanced mid-tier topic; early-category seed
271,6175,1.4,74,35,95,5,45,high,low,very-high,true,Programming,What is functional programming?,functional programming,Informational,what-is-functional-programming,What is functional programming?,AdSense (low) / newsletter,RAM needs calculator,balanced mid-tier topic; early-category seed
272,6176,1.4,70,35,95,5,45,high,low,very-high,true,Programming,What is an asynchronous function?,an asynchronous function,Informational,what-is-an-asynchronous-function,What is an asynchronous function?,AdSense (low) / newsletter,Related Q&A cluster + checklist,balanced mid-tier topic; early-category seed
273,7132,1.1,64,30,95,5,45,medium,low,very-high,true,Developer Tools,What is an environment variable?,an environment variable,Informational,what-is-an-environment-variable,What is an environment variable?,AdSense (low) / newsletter,Related Q&A cluster + checklist,balanced mid-tier topic; early-category seed
274,2651,75,100,100,40,60,40,very-high,very-high,low,true,Storage,Why is SSD storage not working?,ssd storage not working,Informational,why-is-ssd-storage-not-working,Why is SSD storage not working?,Affiliate + AdSense,Storage speed / upgrade picker,strong demand signals; high monetization potential; rankable long-tail shape; early-category seed
275,2920,71,86,88,40,60,32,very-high,very-high,low,true,Monitors,How do I check refresh rate?,check refresh rate,Informational,how-do-i-check-refresh-rate,How do I check refresh rate?,AdSense + affiliate,Related Q&A cluster + checklist,strong demand signals; high monetization potential; rankable long-tail shape; early-category seed
276,4267,70.5,94,80,40,60,32,very-high,very-high,low,true,Security,How do I check two-factor authentication?,check two-factor authentication,Informational,how-do-i-check-two-factor-authentication,How do I check two-factor authentication?,AdSense + affiliate,Related Q&A cluster + checklist,strong demand signals; high monetization potential; rankable long-tail shape; early-category seed
277,33,67.5,100,90,40,60,40,very-high,very-high,low,true,Smartphones,Why is my phone battery draining so fast slow?,my phone battery draining so fast slow,Informational,why-is-my-phone-battery-draining-so-fast-slow,Why is my phone battery draining so fast slow?,AdSense + tool upsell,Related Q&A cluster + checklist,strong demand signals; high monetization potential; rankable long-tail shape; early-category seed
278,8099,66.5,80,76,30,70,32,very-high,high,low,true,Smart Home,How do I set up a smart home?,set up a smart home,Informational,how-do-i-set-up-a-smart-home,How do I set up a smart home?,AdSense + affiliate,Related Q&A cluster + checklist,strong demand signals; high monetization potential; rankable long-tail shape; early-category seed
279,4018,65.8,86,70,30,70,32,very-high,high,low,true,Printers,How do I set up my printer not printing?,set up my printer not printing,Informational,how-do-i-set-up-my-printer-not-printing,How do I set up my printer not printing?,AdSense + affiliate,Related Q&A cluster + checklist,strong demand signals; high monetization potential; rankable long-tail shape; early-category seed
280,4019,65.8,86,70,30,70,32,very-high,high,low,true,Printers,How do I use my printer not printing?,use my printer not printing,Informational,how-do-i-use-my-printer-not-printing,How do I use my printer not printing?,AdSense + affiliate,Related Q&A cluster + checklist,strong demand signals; high monetization potential; rankable long-tail shape; early-category seed
281,4020,65.8,86,70,30,70,32,very-high,high,low,true,Printers,How do I troubleshoot my printer not printing?,troubleshoot my printer not printing,Informational,how-do-i-troubleshoot-my-printer-not-printing,How do I troubleshoot my printer not printing?,AdSense + affiliate,Related Q&A cluster + checklist,strong demand signals; high monetization potential; rankable long-tail shape; early-category seed
282,4024,65.8,86,70,30,70,32,very-high,high,low,true,Printers,How do I test my printer not printing?,test my printer not printing,Informational,how-do-i-test-my-printer-not-printing,How do I test my printer not printing?,AdSense + affiliate,Related Q&A cluster + checklist,strong demand signals; high monetization potential; rankable long-tail shape; early-category seed
283,2916,64.2,91,94,40,60,40,very-high,very-high,low,true,Monitors,Why is refresh rate not working?,refresh rate not working,Informational,why-is-refresh-rate-not-working,Why is refresh rate not working?,AdSense + affiliate,Related Q&A cluster + checklist,strong demand signals; high monetization potential; rankable long-tail shape; early-category seed
284,4263,63.9,99,86,40,60,40,very-high,very-high,low,true,Security,Why is two-factor authentication not working?,two-factor authentication not working,Informational,why-is-two-factor-authentication-not-working,Why is two-factor authentication not working?,AdSense + affiliate,Related Q&A cluster + checklist,strong demand signals; high monetization potential; rankable long-tail shape; early-category seed
285,2263,62.5,100,100,50,50,40,very-high,very-high,medium,true,GPUs,Why is ray tracing not working?,ray tracing not working,Informational,why-is-ray-tracing-not-working,Why is ray tracing not working?,AdSense + affiliate,Related Q&A cluster + checklist,strong demand signals; high monetization potential; early-category seed
286,8441,61,83,98,40,60,40,very-high,very-high,low,true,EVs,Why is EV charging work not working?,ev charging work not working,Informational,why-is-ev-charging-work-not-working,Why is EV charging work not working?,Affiliate + AdSense,USB‑C / charger compatibility checker,strong demand signals; high monetization potential; rankable long-tail shape; early-category seed
287,8442,60.3,82,98,40,60,40,very-high,very-high,low,true,EVs,Why is EV charging work slow?,ev charging work slow,Informational,why-is-ev-charging-work-slow,Why is EV charging work slow?,Affiliate + AdSense,USB‑C / charger compatibility checker,strong demand signals; high monetization potential; rankable long-tail shape; early-category seed
288,1904,57.4,87,88,40,60,40,very-high,very-high,low,true,PC Hardware,Why is a CPU not working?,a cpu not working,Informational,why-is-a-cpu-not-working,Why is a CPU not working?,AdSense + affiliate,Related Q&A cluster + checklist,strong demand signals; high monetization potential; rankable long-tail shape; early-category seed
289,7645,57.1,90,58,30,70,32,very-high,medium,low,true,Internet Services,How do I set up an email address?,set up an email address,Informational,how-do-i-set-up-an-email-address,How do I set up an email address?,AdSense,Related Q&A cluster + checklist,strong demand signals; rankable long-tail shape; early-category seed
290,8100,57,80,76,40,60,32,very-high,high,low,true,Smart Home,How do I use a smart home?,use a smart home,Informational,how-do-i-use-a-smart-home,How do I use a smart home?,AdSense + affiliate,Related Q&A cluster + checklist,strong demand signals; high monetization potential; rankable long-tail shape; early-category seed
291,8101,57,80,76,40,60,32,very-high,high,low,true,Smart Home,How do I troubleshoot a smart home?,troubleshoot a smart home,Informational,how-do-i-troubleshoot-a-smart-home,How do I troubleshoot a smart home?,AdSense + affiliate,Related Q&A cluster + checklist,strong demand signals; high monetization potential; rankable long-tail shape; early-category seed
292,8105,57,80,76,40,60,32,very-high,high,low,true,Smart Home,How do I test a smart home?,test a smart home,Informational,how-do-i-test-a-smart-home,How do I test a smart home?,AdSense + affiliate,Related Q&A cluster + checklist,strong demand signals; high monetization potential; rankable long-tail shape; early-category seed
293,8106,57,80,76,40,60,32,very-high,high,low,true,Smart Home,How do I check a smart home?,check a smart home,Informational,how-do-i-check-a-smart-home,How do I check a smart home?,AdSense + affiliate,Related Q&A cluster + checklist,strong demand signals; high monetization potential; rankable long-tail shape; early-category seed
294,3355,56.9,82,74,40,60,32,very-high,high,low,true,TV,How do I check OLED TV?,check oled tv,Informational,how-do-i-check-oled-tv,How do I check OLED TV?,AdSense + affiliate,Related Q&A cluster + checklist,strong demand signals; high monetization potential; rankable long-tail shape; early-category seed
295,4547,56.1,89,84,40,60,40,very-high,very-high,low,true,Cloud,Why is cloud computing not working?,cloud computing not working,Informational,why-is-cloud-computing-not-working,Why is cloud computing not working?,AdSense + affiliate,Related Q&A cluster + checklist,strong demand signals; high monetization potential; rankable long-tail shape; early-category seed
296,128,54,100,72,40,60,40,very-high,high,low,true,Computers,Why is my computer running slowly slow?,my computer running slowly slow,Informational,why-is-my-computer-running-slowly-slow,Why is my computer running slowly slow?,AdSense + tool upsell,Related Q&A cluster + checklist,strong demand signals; high monetization potential; rankable long-tail shape; early-category seed
297,8102,52.3,85,82,40,60,40,very-high,very-high,low,true,Smart Home,Why is a smart home not working?,a smart home not working,Informational,why-is-a-smart-home-not-working,Why is a smart home not working?,AdSense + affiliate,Related Q&A cluster + checklist,strong demand signals; high monetization potential; rankable long-tail shape; early-category seed
298,3351,52.2,87,80,40,60,40,very-high,very-high,low,true,TV,Why is OLED TV not working?,oled tv not working,Informational,why-is-oled-tv-not-working,Why is OLED TV not working?,AdSense + affiliate,Related Q&A cluster + checklist,strong demand signals; high monetization potential; rankable long-tail shape; early-category seed
299,8103,51.7,84,82,40,60,40,very-high,very-high,low,true,Smart Home,Why is a smart home slow?,a smart home slow,Informational,why-is-a-smart-home-slow,Why is a smart home slow?,AdSense + tool upsell,Related Q&A cluster + checklist,strong demand signals; high monetization potential; rankable long-tail shape; early-category seed
300,4022,51.3,90,76,40,60,40,very-high,high,low,true,Printers,Why is my printer not printing slow?,my printer not printing slow,Informational,why-is-my-printer-not-printing-slow,Why is my printer not printing slow?,AdSense + tool upsell,Related Q&A cluster + checklist,strong demand signals; high monetization potential; rankable long-tail shape; early-category seed
301,3691,49.9,74,72,40,60,32,high,high,low,true,Audio,How do I check noise cancellation?,check noise cancellation,Informational,how-do-i-check-noise-cancellation,How do I check noise cancellation?,AdSense + affiliate,Related Q&A cluster + checklist,high monetization potential; rankable long-tail shape; early-category seed
302,7646,48.9,90,58,40,60,32,very-high,medium,low,true,Internet Services,How do I use an email address?,use an email address,Informational,how-do-i-use-an-email-address,How do I use an email address?,AdSense,Related Q&A cluster + checklist,strong demand signals; rankable long-tail shape; early-category seed
303,7647,48.9,90,58,40,60,32,very-high,medium,low,true,Internet Services,How do I troubleshoot an email address?,troubleshoot an email address,Informational,how-do-i-troubleshoot-an-email-address,How do I troubleshoot an email address?,AdSense,Related Q&A cluster + checklist,strong demand signals; rankable long-tail shape; early-category seed
304,7651,48.9,90,58,40,60,32,very-high,medium,low,true,Internet Services,How do I test an email address?,test an email address,Informational,how-do-i-test-an-email-address,How do I test an email address?,AdSense,Related Q&A cluster + checklist,strong demand signals; rankable long-tail shape; early-category seed
305,7652,48.9,90,58,40,60,32,very-high,medium,low,true,Internet Services,How do I check an email address?,check an email address,Informational,how-do-i-check-an-email-address,How do I check an email address?,AdSense,Related Q&A cluster + checklist,strong demand signals; rankable long-tail shape; early-category seed
306,7653,48.9,90,58,40,60,32,very-high,medium,low,true,Internet Services,How do I reset an email address?,reset an email address,Informational,how-do-i-reset-an-email-address,How do I reset an email address?,AdSense,Related Q&A cluster + checklist,strong demand signals; rankable long-tail shape; early-category seed
307,3687,46.2,79,78,40,60,40,high,high,low,true,Audio,Why is noise cancellation not working?,noise cancellation not working,Informational,why-is-noise-cancellation-not-working,Why is noise cancellation not working?,AdSense + affiliate,Related Q&A cluster + checklist,strong demand signals; high monetization potential; rankable long-tail shape; early-category seed
308,197,45.8,100,61,40,60,40,very-high,medium,low,true,Windows,Why is Windows Update stuck not working?,windows update stuck not working,Informational,why-is-windows-update-stuck-not-working,Why is Windows Update stuck not working?,AdSense + tool upsell,Related Q&A cluster + checklist,strong demand signals; rankable long-tail shape; early-category seed
309,198,45.8,100,61,40,60,40,very-high,medium,low,true,Windows,Why is Windows Update stuck slow?,windows update stuck slow,Informational,why-is-windows-update-stuck-slow,Why is Windows Update stuck slow?,AdSense + tool upsell,Related Q&A cluster + checklist,strong demand signals; rankable long-tail shape; early-category seed
310,7648,45.6,95,64,40,60,40,very-high,medium,low,true,Internet Services,Why is an email address not working?,an email address not working,Informational,why-is-an-email-address-not-working,Why is an email address not working?,AdSense + affiliate,Related Q&A cluster + checklist,strong demand signals; rankable long-tail shape; early-category seed
311,7649,45.1,94,64,40,60,40,very-high,medium,low,true,Internet Services,Why is an email address slow?,an email address slow,Informational,why-is-an-email-address-slow,Why is an email address slow?,AdSense + tool upsell,Related Q&A cluster + checklist,strong demand signals; rankable long-tail shape; early-category seed
312,2652,43.8,100,100,65,35,40,very-high,very-high,high,true,Storage,Why is SSD storage slow?,ssd storage slow,Informational,why-is-ssd-storage-slow,Why is SSD storage slow?,Affiliate + AdSense,Storage speed / upgrade picker,strong demand signals; high monetization potential; early-category seed
313,293,43.5,100,58,40,60,40,very-high,medium,low,true,macOS,Why is my Mac running slowly slow?,my mac running slowly slow,Informational,why-is-my-mac-running-slowly-slow,Why is my Mac running slowly slow?,AdSense + tool upsell,Related Q&A cluster + checklist,strong demand signals; rankable long-tail shape; early-category seed
314,723,39.3,88,60,30,70,47,very-high,medium,low,true,Networking,How do I set up an IP address?,set up an ip address,Informational,how-do-i-set-up-an-ip-address,How do I set up an IP address?,AdSense + affiliate,Related Q&A cluster + checklist,strong demand signals; rankable long-tail shape; early-category seed
315,4935,37.2,100,70,50,50,47,very-high,high,medium,true,AI,How do I check artificial intelligence?,check artificial intelligence,Informational,how-do-i-check-artificial-intelligence,How do I check artificial intelligence?,AdSense + affiliate,Model / use-case picker,strong demand signals; high monetization potential; early-category seed
316,8435,36,48,100,40,60,40,medium,very-high,low,true,EVs,Is EV charging work worth it?,ev charging work worth it,Informational,is-ev-charging-work-worth-it,Is EV charging work worth it?,Affiliate + AdSense,USB‑C / charger compatibility checker,high monetization potential; rankable long-tail shape; early-category seed
317,4931,34.5,100,76,50,50,55,very-high,high,medium,true,AI,Why is artificial intelligence not working?,artificial intelligence not working,Informational,why-is-artificial-intelligence-not-working,Why is artificial intelligence not working?,AdSense + affiliate,Model / use-case picker,strong demand signals; high monetization potential; early-category seed
318,4264,33.9,90,86,65,35,40,very-high,very-high,high,true,Security,Why is two-factor authentication slow?,two-factor authentication slow,Informational,why-is-two-factor-authentication-slow,Why is two-factor authentication slow?,AdSense + tool upsell,Related Q&A cluster + checklist,strong demand signals; high monetization potential; early-category seed
319,8096,33.8,50,90,40,60,40,medium,very-high,low,true,Smart Home,Is a smart home worth it?,a smart home worth it,Informational,is-a-smart-home-worth-it,Is a smart home worth it?,AdSense + affiliate,Related Q&A cluster + checklist,high monetization potential; rankable long-tail shape; early-category seed
320,724,33.7,88,60,40,60,47,very-high,medium,low,true,Networking,How do I use an IP address?,use an ip address,Informational,how-do-i-use-an-ip-address,How do I use an IP address?,AdSense + affiliate,Related Q&A cluster + checklist,strong demand signals; rankable long-tail shape; early-category seed
321,725,33.7,88,60,40,60,47,very-high,medium,low,true,Networking,How do I troubleshoot an IP address?,troubleshoot an ip address,Informational,how-do-i-troubleshoot-an-ip-address,How do I troubleshoot an IP address?,AdSense + affiliate,Related Q&A cluster + checklist,strong demand signals; rankable long-tail shape; early-category seed
322,729,33.7,88,60,40,60,47,very-high,medium,low,true,Networking,How do I test an IP address?,test an ip address,Informational,how-do-i-test-an-ip-address,How do I test an IP address?,AdSense + affiliate,Related Q&A cluster + checklist,strong demand signals; rankable long-tail shape; early-category seed
323,730,33.7,88,60,40,60,47,very-high,medium,low,true,Networking,How do I check an IP address?,check an ip address,Informational,how-do-i-check-an-ip-address,How do I check an IP address?,AdSense + affiliate,Related Q&A cluster + checklist,strong demand signals; rankable long-tail shape; early-category seed
324,2917,33.7,82,94,65,35,40,very-high,very-high,high,true,Monitors,Why is refresh rate slow?,refresh rate slow,Informational,why-is-refresh-rate-slow,Why is refresh rate slow?,AdSense + tool upsell,Related Q&A cluster + checklist,strong demand signals; high monetization potential; early-category seed
325,726,33.5,93,66,40,60,55,very-high,high,low,true,Networking,Why is an IP address not working?,an ip address not working,Informational,why-is-an-ip-address-not-working,Why is an IP address not working?,AdSense + affiliate,Related Q&A cluster + checklist,strong demand signals; rankable long-tail shape; early-category seed
326,5366,33.3,74,48,40,60,32,high,medium,low,true,Software,How do I check open source software?,check open source software,Informational,how-do-i-check-open-source-software,How do I check open source software?,AdSense,Related Q&A cluster + checklist,rankable long-tail shape; early-category seed
327,727,33.1,92,66,40,60,55,very-high,high,low,true,Networking,Why is an IP address slow?,an ip address slow,Informational,why-is-an-ip-address-slow,Why is an IP address slow?,AdSense + tool upsell,Related Q&A cluster + checklist,strong demand signals; rankable long-tail shape; early-category seed
328,7642,32.4,60,72,40,60,40,medium,high,low,true,Internet Services,Is an email address worth it?,an email address worth it,Informational,is-an-email-address-worth-it,Is an email address worth it?,AdSense + affiliate,Related Q&A cluster + checklist,high monetization potential; rankable long-tail shape; early-category seed
329,5362,32,79,54,40,60,40,high,medium,low,true,Software,Why is open source software not working?,open source software not working,Informational,why-is-open-source-software-not-working,Why is open source software not working?,AdSense,Related Q&A cluster + checklist,strong demand signals; rankable long-tail shape; early-category seed
330,5363,31.6,78,54,40,60,40,high,medium,low,true,Software,Why is open source software slow?,open source software slow,Informational,why-is-open-source-software-slow,Why is open source software slow?,AdSense + tool upsell,Related Q&A cluster + checklist,strong demand signals; rankable long-tail shape; early-category seed
331,1905,30,78,88,65,35,40,high,very-high,high,true,PC Hardware,Why is a CPU slow?,a cpu slow,Informational,why-is-a-cpu-slow,Why is a CPU slow?,AdSense + tool upsell,Related Q&A cluster + checklist,strong demand signals; high monetization potential; early-category seed
332,2264,30,96,100,75,25,40,very-high,very-high,high,true,GPUs,Why is ray tracing slow?,ray tracing slow,Informational,why-is-ray-tracing-slow,Why is ray tracing slow?,AdSense + tool upsell,Related Q&A cluster + checklist,strong demand signals; high monetization potential; early-category seed
333,4548,29.4,80,84,65,35,40,very-high,very-high,high,true,Cloud,Why is cloud computing slow?,cloud computing slow,Informational,why-is-cloud-computing-slow,Why is cloud computing slow?,AdSense + tool upsell,Related Q&A cluster + checklist,strong demand signals; high monetization potential; early-category seed
334,1471,29.1,83,64,65,35,32,very-high,medium,high,true,USB,How do I check USB-C?,check usb-c,Informational,how-do-i-check-usb-c,How do I check USB-C?,AdSense + affiliate,USB‑C / charger compatibility checker,strong demand signals; early-category seed
335,2645,28.9,66,100,65,35,40,high,very-high,high,true,Storage,Is SSD storage worth it?,ssd storage worth it,Informational,is-ssd-storage-worth-it,Is SSD storage worth it?,Affiliate + AdSense,Storage speed / upgrade picker,high monetization potential; early-category seed
336,5740,28.4,72,42,40,60,32,high,low,low,true,Web,How do I set up a website?,set up a website,Informational,how-do-i-set-up-a-website,How do I set up a website?,AdSense,Related Q&A cluster + checklist,rankable long-tail shape; early-category seed
337,5741,28.4,72,42,40,60,32,high,low,low,true,Web,How do I use a website?,use a website,Informational,how-do-i-use-a-website,How do I use a website?,AdSense,Related Q&A cluster + checklist,rankable long-tail shape; early-category seed
338,5742,28.4,72,42,40,60,32,high,low,low,true,Web,How do I troubleshoot a website?,troubleshoot a website,Informational,how-do-i-troubleshoot-a-website,How do I troubleshoot a website?,AdSense,Related Q&A cluster + checklist,rankable long-tail shape; early-category seed
339,5745,28.4,72,42,40,60,32,high,low,low,true,Web,How do I test a website?,test a website,Informational,how-do-i-test-a-website,How do I test a website?,AdSense,Related Q&A cluster + checklist,rankable long-tail shape; early-category seed
340,5746,28.4,72,42,40,60,32,high,low,low,true,Web,How do I check a website?,check a website,Informational,how-do-i-check-a-website,How do I check a website?,AdSense,Related Q&A cluster + checklist,rankable long-tail shape; early-category seed
341,5747,28.4,72,42,40,60,32,high,low,low,true,Web,How do I reset a website?,reset a website,Informational,how-do-i-reset-a-website,How do I reset a website?,AdSense,Related Q&A cluster + checklist,rankable long-tail shape; early-category seed
342,1468,27.9,91,70,65,35,40,very-high,high,high,true,USB,Why is USB-C slow?,usb-c slow,Informational,why-is-usb-c-slow,Why is USB-C slow?,AdSense + tool upsell,USB‑C / charger compatibility checker,strong demand signals; high monetization potential; early-category seed
343,5743,27.7,77,48,40,60,40,high,medium,low,true,Web,Why is a website not working?,a website not working,Informational,why-is-a-website-not-working,Why is a website not working?,AdSense,Related Q&A cluster + checklist,strong demand signals; rankable long-tail shape; early-category seed
344,3352,27.3,78,80,65,35,40,high,very-high,high,true,TV,Why is OLED TV slow?,oled tv slow,Informational,why-is-oled-tv-slow,Why is OLED TV slow?,AdSense + tool upsell,Related Q&A cluster + checklist,strong demand signals; high monetization potential; early-category seed
345,1467,26.9,88,70,65,35,40,very-high,high,high,true,USB,Why is USB-C not working?,usb-c not working,Informational,why-is-usb-c-not-working,Why is USB-C not working?,AdSense + affiliate,USB‑C / charger compatibility checker,strong demand signals; high monetization potential; early-category seed
346,3688,23.9,70,78,65,35,40,high,high,high,true,Audio,Why is noise cancellation slow?,noise cancellation slow,Informational,why-is-noise-cancellation-slow,Why is noise cancellation slow?,AdSense + tool upsell,Related Q&A cluster + checklist,high monetization potential; early-category seed
347,720,23.4,58,74,40,60,55,medium,high,low,true,Networking,Is an IP address worth it?,an ip address worth it,Informational,is-an-ip-address-worth-it,Is an IP address worth it?,AdSense + affiliate,Related Q&A cluster + checklist,high monetization potential; rankable long-tail shape; early-category seed
348,4257,23,56,94,65,35,40,medium,very-high,high,true,Security,Is two-factor authentication worth it?,two-factor authentication worth it,Informational,is-two-factor-authentication-worth-it,Is two-factor authentication worth it?,AdSense + affiliate,Related Q&A cluster + checklist,high monetization potential; early-category seed
349,1081,21.6,88,56,65,35,40,very-high,medium,high,true,Bluetooth,Why is Bluetooth slow?,bluetooth slow,Informational,why-is-bluetooth-slow,Why is Bluetooth slow?,AdSense + tool upsell,Related Q&A cluster + checklist,strong demand signals; early-category seed
350,2910,21,48,100,65,35,40,medium,very-high,high,true,Monitors,Is refresh rate worth it?,refresh rate worth it,Informational,is-refresh-rate-worth-it,Is refresh rate worth it?,AdSense + affiliate,Related Q&A cluster + checklist,high monetization potential; early-category seed
351,1080,20.8,85,56,65,35,40,very-high,medium,high,true,Bluetooth,Why is Bluetooth not working?,bluetooth not working,Informational,why-is-bluetooth-not-working,Why is Bluetooth not working?,AdSense,Related Q&A cluster + checklist,strong demand signals; early-category seed
352,5356,20.5,44,62,40,60,40,low,medium,low,true,Software,Is open source software worth it?,open source software worth it,Informational,is-open-source-software-worth-it,Is open source software worth it?,AdSense + affiliate,Related Q&A cluster + checklist,rankable long-tail shape; early-category seed
353,1461,19.5,57,78,65,35,40,medium,high,high,true,USB,Is USB-C worth it?,usb-c worth it,Informational,is-usb-c-worth-it,Is USB-C worth it?,AdSense + affiliate,USB‑C / charger compatibility checker,high monetization potential; early-category seed
354,2257,19.4,62,100,75,25,40,medium,very-high,high,true,GPUs,Is ray tracing worth it?,ray tracing worth it,Informational,is-ray-tracing-worth-it,Is ray tracing worth it?,AdSense + affiliate,Related Q&A cluster + checklist,high monetization potential; early-category seed
355,1898,18.5,44,96,65,35,40,low,very-high,high,true,PC Hardware,Is a CPU worth it?,a cpu worth it,Informational,is-a-cpu-worth-it,Is a CPU worth it?,AdSense + affiliate,Related Q&A cluster + checklist,high monetization potential; early-category seed
356,4541,18.5,46,92,65,35,40,medium,very-high,high,true,Cloud,Is cloud computing worth it?,cloud computing worth it,Informational,is-cloud-computing-worth-it,Is cloud computing worth it?,AdSense + affiliate,Related Q&A cluster + checklist,high monetization potential; early-category seed
357,3345,16.9,44,88,65,35,40,low,very-high,high,true,TV,Is OLED TV worth it?,oled tv worth it,Informational,is-oled-tv-worth-it,Is OLED TV worth it?,AdSense + affiliate,Related Q&A cluster + checklist,high monetization potential; early-category seed
358,4932,16.9,98,76,75,25,55,very-high,high,high,true,AI,Why is artificial intelligence slow?,artificial intelligence slow,Informational,why-is-artificial-intelligence-slow,Why is artificial intelligence slow?,AdSense + tool upsell,Model / use-case picker,strong demand signals; high monetization potential; early-category seed
359,1074,15.1,54,64,65,35,40,medium,medium,high,true,Bluetooth,Is Bluetooth worth it?,bluetooth worth it,Informational,is-bluetooth-worth-it,Is Bluetooth worth it?,AdSense + affiliate,Related Q&A cluster + checklist,balanced mid-tier topic; early-category seed
360,6697,14.7,71,38,40,60,55,high,low,low,true,Databases,Why is a database not working?,a database not working,Informational,why-is-a-database-not-working,Why is a database not working?,AdSense,Related Q&A cluster + checklist,rankable long-tail shape; early-category seed
361,3681,13.5,36,86,65,35,40,low,very-high,high,true,Audio,Is noise cancellation worth it?,noise cancellation worth it,Informational,is-noise-cancellation-worth-it,Is noise cancellation worth it?,AdSense + affiliate,Related Q&A cluster + checklist,high monetization potential; early-category seed
362,6694,13.5,66,32,40,60,47,high,low,low,true,Databases,How do I set up a database?,set up a database,Informational,how-do-i-set-up-a-database,How do I set up a database?,AdSense,Related Q&A cluster + checklist,rankable long-tail shape; early-category seed
363,6695,13.5,66,32,40,60,47,high,low,low,true,Databases,How do I use a database?,use a database,Informational,how-do-i-use-a-database,How do I use a database?,AdSense,Related Q&A cluster + checklist,rankable long-tail shape; early-category seed
364,6696,13.5,66,32,40,60,47,high,low,low,true,Databases,How do I troubleshoot a database?,troubleshoot a database,Informational,how-do-i-troubleshoot-a-database,How do I troubleshoot a database?,AdSense,Related Q&A cluster + checklist,rankable long-tail shape; early-category seed
365,6700,13.5,66,32,40,60,47,high,low,low,true,Databases,How do I test a database?,test a database,Informational,how-do-i-test-a-database,How do I test a database?,AdSense,Related Q&A cluster + checklist,rankable long-tail shape; early-category seed
366,6701,13.5,66,32,40,60,47,high,low,low,true,Databases,How do I check a database?,check a database,Informational,how-do-i-check-a-database,How do I check a database?,AdSense,Related Q&A cluster + checklist,rankable long-tail shape; early-category seed
367,4925,12.2,64,84,75,25,55,medium,very-high,high,true,AI,Is artificial intelligence worth it?,artificial intelligence worth it,Informational,is-artificial-intelligence-worth-it,Is artificial intelligence worth it?,AdSense + affiliate,Model / use-case picker,high monetization potential; early-category seed
368,6198,9.7,70,41,73,27,40,high,low,high,true,Programming,Why is programming slow?,programming slow,Informational,why-is-programming-slow,Why is programming slow?,AdSense + tool upsell,RAM needs calculator,balanced mid-tier topic; early-category seed
369,6197,9.3,67,41,73,27,40,high,low,high,true,Programming,Why is programming not working?,programming not working,Informational,why-is-programming-not-working,Why is programming not working?,AdSense (low) / newsletter,RAM needs calculator,balanced mid-tier topic; early-category seed
370,6201,9.2,62,35,73,27,32,medium,low,high,true,Programming,How do I check programming?,check programming,Informational,how-do-i-check-programming,How do I check programming?,AdSense (low) / newsletter,RAM needs calculator,balanced mid-tier topic; early-category seed
371,5737,8.3,34,56,65,35,40,low,medium,high,true,Web,Is a website worth it?,a website worth it,Informational,is-a-website-worth-it,Is a website worth it?,AdSense,Related Q&A cluster + checklist,balanced mid-tier topic; early-category seed
372,7150,7.8,64,36,73,27,40,medium,low,high,true,Developer Tools,Why is Git slow?,git slow,Informational,why-is-git-slow,Why is Git slow?,AdSense + tool upsell,Related Q&A cluster + checklist,balanced mid-tier topic; early-category seed
373,6698,7.5,62,38,65,35,55,medium,low,high,true,Databases,Why is a database slow?,a database slow,Informational,why-is-a-database-slow,Why is a database slow?,AdSense + tool upsell,Related Q&A cluster + checklist,balanced mid-tier topic; early-category seed
374,7149,7.4,61,36,73,27,40,medium,low,high,true,Developer Tools,Why is Git not working?,git not working,Informational,why-is-git-not-working,Why is Git not working?,AdSense (low) / newsletter,Related Q&A cluster + checklist,balanced mid-tier topic; early-category seed
375,7153,7.1,56,30,73,27,32,medium,low,high,true,Developer Tools,How do I check Git?,check git,Informational,how-do-i-check-git,How do I check Git?,AdSense (low) / newsletter,Related Q&A cluster + checklist,balanced mid-tier topic; early-category seed
376,6191,6,36,49,73,27,40,low,medium,high,true,Programming,Is programming worth it?,programming worth it,Informational,is-programming-worth-it,Is programming worth it?,AdSense (low) / newsletter,RAM needs calculator,balanced mid-tier topic; early-category seed
377,7143,4.5,30,44,73,27,40,low,low,high,true,Developer Tools,Is Git worth it?,git worth it,Informational,is-git-worth-it,Is Git worth it?,AdSense (low) / newsletter,Related Q&A cluster + checklist,balanced mid-tier topic; early-category seed
378,6691,4.1,28,46,65,35,55,low,medium,high,true,Databases,Is a database worth it?,a database worth it,Informational,is-a-database-worth-it,Is a database worth it?,AdSense,Related Q&A cluster + checklist,balanced mid-tier topic; early-category seed